Species,Type,DistanceToNearestRiver,Aspect Eastness,Aspect Northness,Elevation,Latitude,BIOEnd12,Slope,pH,BIOEnd1,WindExposition,BIOEnd3,RedDeer,BIOEnd7,BIOEnd15,Model
Pseudopanax crassifolius,D,1608.8745,0.1108,-0.0977,248.2907,-45.7820,1324.4332,5.8521,5.2300,10.5077,0.9810,0.4688,0.2078,19.4766,41.2349,RFEnsemble
Pseudopanax crassifolius,Is,1497.2136,0.7208,0.6918,367.8097,2.6728,1097.7694,10.3020,0.4662,2.4898,0.1084,0.0326,0.9658,2.1740,9.1079,RFEnsemble
Pseudopanax crassifolius,Ds,1333.3051,0.7195,0.6786,227.7682,1.2243,758.5311,6.1976,0.6073,0.9109,0.0979,0.0289,0.9782,2.3288,7.2338,RFEnsemble
Pseudopanax crassifolius,I,1456.4454,-0.0206,-0.0377,442.0861,-40.5159,1815.7697,12.8101,5.2469,12.2117,1.0150,0.4486,-0.2592,20.0243,46.0836,RFEnsemble
Pseudopanax crassifolius,Gr,-152.4291,-0.1313,0.0601,193.7954,5.2661,491.3364,6.9580,0.0169,1.7039,0.0340,-0.0201,-0.4670,0.5476,4.8487,RFEnsemble
Neomyrtus pedunculata,D,1706.4319,0.1768,0.1240,546.1037,-41.2497,1586.1326,9.8391,5.1950,11.1434,1.1063,0.4492,-0.3511,19.4578,40.6835,RFEnsemble
Neomyrtus pedunculata,Is,1106.4237,0.7086,0.7027,304.7415,2.5023,1233.3195,10.0986,0.5339,1.9764,0.0918,0.0314,0.9276,2.1815,9.6063,RFEnsemble
Neomyrtus pedunculata,Ds,1090.4635,0.7244,0.6547,297.8639,3.5117,456.3510,7.6122,0.4170,1.5316,0.0882,0.0243,0.9363,1.5536,5.1838,RFEnsemble
Neomyrtus pedunculata,I,1212.8282,-0.0433,-0.0461,395.0859,-41.8050,1926.5510,12.5314,5.1637,11.7776,0.9719,0.4529,-0.3737,20.4569,46.0314,RFEnsemble
Neomyrtus pedunculata,Gr,-493.6036,-0.2201,-0.1701,-151.0178,-0.5553,340.4185,2.6923,-0.0313,0.6343,-0.1343,0.0037,-0.0226,0.9991,5.3479,RFEnsemble
Metrosideros fulgens,D,1195.5283,-0.0259,0.0395,253.6839,-39.9129,1969.1415,10.8357,5.2354,13.2559,0.9720,0.4656,-0.2800,20.3354,46.0693,RFEnsemble
Metrosideros fulgens,Is,1682.6440,0.7071,0.7066,294.4289,1.7003,492.1498,7.9459,0.4231,2.1369,0.0999,0.0244,0.9249,1.7841,6.7104,RFEnsemble
Metrosideros fulgens,Ds,1043.7711,0.7170,0.6955,176.3690,2.1701,1103.9327,8.6246,0.4453,1.4665,0.0913,0.0182,0.9601,1.4894,7.8455,RFEnsemble
Metrosideros fulgens,I,1833.2656,-0.0265,-0.0003,538.9520,-38.5775,1818.1207,12.0699,5.1365,12.4900,1.1061,0.4251,-0.3802,17.7856,42.7606,RFEnsemble
Metrosideros fulgens,Gr,637.7373,-0.0006,-0.0398,285.2681,1.3355,-151.0208,1.2343,-0.0990,-0.7659,0.1340,-0.0405,-0.1002,-2.5498,-3.3087,RFEnsemble
Piper excelsum,D,1774.4270,0.0571,0.0446,219.1874,-38.2461,1495.4236,3.5289,5.4264,14.1303,0.9988,0.4627,0.6255,19.6954,47.4503,RFEnsemble
Piper excelsum,Is,1142.4077,0.6813,0.7298,236.9304,2.3436,568.3766,7.4837,0.4620,1.5325,0.1100,0.0252,0.7727,2.0174,8.2609,RFEnsemble
Piper excelsum,Ds,1950.7876,0.7813,0.6200,233.6119,1.5234,411.7883,3.5535,0.2945,1.6463,0.0921,0.0219,0.7802,1.9918,6.4997,RFEnsemble
Piper excelsum,I,1381.5803,-0.0524,-0.0226,400.6292,-40.5998,1623.2250,15.1988,5.2178,12.3489,1.0202,0.4534,-0.6350,19.8446,45.8641,RFEnsemble
Piper excelsum,Gr,-392.8467,-0.1095,-0.0672,181.4419,-2.3537,127.8014,11.6699,-0.2086,-1.7814,0.0215,-0.0093,-1.2605,0.1492,-1.5861,RFEnsemble
Coprosma dumosa,D,1136.4489,-0.2985,0.1598,179.0688,-40.6956,1627.5674,4.4257,5.2927,13.2068,0.9183,0.4695,-0.3699,20.5513,49.1262,RFEnsemble
Coprosma dumosa,Is,1151.9221,0.7181,0.6908,405.0647,2.7777,1257.5179,10.2897,0.5119,2.3056,0.1094,0.0386,0.9479,2.1768,9.2901,RFEnsemble
Coprosma dumosa,Ds,1169.1917,0.6604,0.6702,226.2278,2.6948,667.5848,7.2105,0.4616,1.7026,0.0716,0.0168,0.9291,1.9809,8.2571,RFEnsemble
Coprosma dumosa,I,1508.7034,0.0445,-0.0716,607.2927,-42.4425,1870.0404,15.0980,5.1484,10.5630,1.0524,0.4384,-0.3186,20.0826,42.6242,RFEnsemble
Coprosma dumosa,Gr,372.2545,0.3430,-0.2314,428.2239,-1.7470,242.4730,10.6723,-0.1444,-2.6438,0.1341,-0.0311,0.0513,-0.4686,-6.5020,RFEnsemble
Fuscospora solandri,D,1447.2046,-0.0176,-0.0322,308.8453,-41.5680,1633.2970,9.7495,5.2390,12.3008,0.9885,0.4652,-0.1094,20.4821,46.7648,RFEnsemble
Fuscospora solandri,Is,1070.8296,0.7358,0.6694,382.7155,2.8626,614.0692,9.1161,0.3163,2.5848,0.1004,0.0304,0.6412,2.0812,7.9021,RFEnsemble
Fuscospora solandri,Ds,1309.6022,0.7156,0.6976,239.3229,2.9497,866.3132,8.3495,0.5247,1.8603,0.0947,0.0219,0.9940,1.9927,8.8508,RFEnsemble
Fuscospora solandri,I,1587.8524,0.0623,-0.0806,1031.0474,-41.7569,1732.8501,20.3720,5.1504,8.9011,1.1313,0.3972,-0.7674,19.2410,38.6951,RFEnsemble
Fuscospora solandri,Gr,140.6478,0.0799,-0.0485,722.2020,-0.1889,99.5531,10.6225,-0.0886,-3.3997,0.1428,-0.0680,-0.6580,-1.2412,-8.0697,RFEnsemble
Coprosma pseudocuneata,D,1213.5079,0.0612,-0.0120,619.2150,-41.9080,1983.2062,15.4760,5.0216,10.6351,1.0382,0.4364,-0.7022,20.1097,44.3530,RFEnsemble
Coprosma pseudocuneata,Is,1098.8790,0.7561,0.6275,481.1968,1.9854,1740.2325,9.8610,0.5005,2.6859,0.1172,0.0511,0.4985,2.1152,7.2286,RFEnsemble
Coprosma pseudocuneata,Ds,926.8402,0.6993,0.7121,313.3054,2.7962,1156.3381,9.5103,0.4593,1.8957,0.1098,0.0320,0.7120,2.0853,7.6628,RFEnsemble
Coprosma pseudocuneata,I,1756.5037,-0.0286,0.1836,910.6010,-42.6735,3060.4690,24.4065,4.8183,9.0765,1.0979,0.4053,-0.8670,19.2362,33.2866,RFEnsemble
Coprosma pseudocuneata,Gr,542.9957,-0.0899,0.1956,291.3859,-0.7655,1077.2628,8.9304,-0.2034,-1.5587,0.0597,-0.0310,-0.1648,-0.8735,-11.0664,RFEnsemble
Cyathea smithii,D,1986.7740,0.5236,0.2066,59.3420,-37.1753,1510.5288,4.2538,5.4718,15.5899,0.9199,0.4630,0.9193,18.7102,49.0167,RFEnsemble
Cyathea smithii,Is,1213.0612,0.7089,0.7051,305.5661,2.9998,1109.0887,9.5836,0.5008,2.1271,0.1092,0.0316,0.9394,2.1002,8.1813,RFEnsemble
Cyathea smithii,Ds,2086.6289,0.7585,0.3283,56.4868,1.3243,350.0732,4.1187,0.1920,0.7393,0.0469,0.0172,0.3935,1.2840,5.7072,RFEnsemble
Cyathea smithii,I,1415.4840,-0.0057,-0.0165,405.3795,-40.9551,1921.5421,12.4217,5.1491,12.0839,1.0183,0.4506,-0.3432,19.6022,44.1420,RFEnsemble
Cyathea smithii,Gr,-571.2900,-0.5293,-0.2231,346.0374,-3.7798,411.0133,8.1679,-0.3227,-3.5060,0.0985,-0.0124,-1.2626,0.8921,-4.8747,RFEnsemble
Lophozonia menziesii,D,1379.4952,0.0312,-0.1336,592.9901,-44.3865,1990.6145,15.8904,4.7930,9.5938,1.0184,0.4410,-0.5115,20.0157,40.6257,RFEnsemble
Lophozonia menziesii,Is,1099.8561,0.7046,0.7085,328.1445,2.1269,895.2482,8.7390,0.3701,1.9525,0.1133,0.0348,0.8623,2.0136,7.4923,RFEnsemble
Lophozonia menziesii,Ds,1030.5677,0.7484,0.6489,371.0231,1.8597,1157.0166,11.5590,0.5765,1.2659,0.1057,0.0366,0.8593,2.3608,8.1144,RFEnsemble
Lophozonia menziesii,I,1404.3027,-0.0186,0.0353,481.7833,-40.1830,1827.2377,13.1310,5.2582,12.0820,1.0430,0.4441,-0.5062,19.7842,43.8590,RFEnsemble
Lophozonia menziesii,Gr,24.8075,-0.0497,0.1690,-111.2068,4.2035,-163.3768,-2.7594,0.4652,2.4882,0.0246,0.0030,0.0053,-0.2315,3.2333,RFEnsemble
Raukaua simplex,D,1490.6514,-0.1935,0.1953,469.1995,-43.8616,2397.2856,14.1296,4.9090,10.3881,1.0205,0.4409,-0.4403,19.0854,39.9864,RFEnsemble
Raukaua simplex,Is,1007.1338,0.7128,0.6141,370.7039,2.1826,1082.9283,10.3428,0.4572,2.3099,0.1073,0.0330,0.7819,1.8132,7.9435,RFEnsemble
Raukaua simplex,Ds,1132.2556,0.6579,0.7012,365.0852,2.6131,1523.6947,10.6902,0.5543,1.4686,0.1203,0.0421,0.8978,2.3561,7.2883,RFEnsemble
Raukaua simplex,I,1269.0708,0.2001,-0.2735,599.1708,-41.0070,1884.0754,15.5026,5.1488,11.1994,1.0402,0.4408,-0.6234,20.2468,42.9913,RFEnsemble
Raukaua simplex,Gr,-221.5806,0.3936,-0.4688,129.9713,2.8546,-513.2102,1.3729,0.2398,0.8113,0.0196,-0.0001,-0.1830,1.1614,3.0048,RFEnsemble
Pseudopanax arboreus,D,1372.5630,0.0146,0.1417,587.2704,-41.3436,2443.0093,15.0124,4.7759,10.9484,1.0308,0.4337,-0.5469,19.3426,39.8906,RFEnsemble
Pseudopanax arboreus,Is,1639.7126,0.7040,0.6927,289.6947,2.8186,416.1836,8.5586,0.3073,1.9236,0.1001,0.0271,0.9999,2.3814,9.3614,RFEnsemble
Pseudopanax arboreus,Ds,1175.7770,0.7368,0.6609,427.5657,2.9700,981.1464,11.6248,0.4906,2.7430,0.1193,0.0359,0.8372,1.9861,7.5170,RFEnsemble
Pseudopanax arboreus,I,1600.4518,0.0274,-0.1539,381.0771,-42.1306,1137.0605,10.0776,5.5258,11.8829,1.0041,0.4614,-0.0001,21.1274,50.1578,RFEnsemble
Pseudopanax arboreus,Gr,227.8888,0.0128,-0.2956,-206.1934,-0.7871,-1305.9487,-4.9348,0.7499,0.9344,-0.0268,0.0277,0.5468,1.7847,10.2672,RFEnsemble
Elaeocarpus dentatus,D,1606.0023,0.0852,0.0449,358.6895,-38.9005,1471.1261,9.8372,5.3618,13.2562,1.0384,0.4564,-0.1763,19.7460,46.9056,RFEnsemble
Elaeocarpus dentatus,Is,1070.3573,0.6997,0.6899,293.4593,1.9197,1053.6764,9.8974,0.4718,1.4391,0.1135,0.0264,0.8011,1.8753,7.2341,RFEnsemble
Elaeocarpus dentatus,Ds,1325.8628,0.7093,0.6983,241.1287,1.9487,290.5820,6.9676,0.3109,1.7968,0.0977,0.0232,0.9842,1.9190,6.4588,RFEnsemble
Elaeocarpus dentatus,I,1056.0095,-0.1855,-0.0079,336.6611,-41.2601,2835.9773,12.3896,4.8223,12.1398,0.9709,0.4513,-0.5985,19.3904,40.4712,RFEnsemble
Elaeocarpus dentatus,Gr,-549.9928,-0.2707,-0.0528,-22.0284,-2.3596,1364.8512,2.5524,-0.5395,-1.1165,-0.0675,-0.0051,-0.4222,-0.3556,-6.4344,RFEnsemble
Olearia rani,D,1370.7057,-0.0151,0.1270,394.7117,-39.7768,1555.7001,10.7399,5.3390,12.6050,1.0187,0.4569,-0.5225,20.2777,46.0957,RFEnsemble
Olearia rani,Is,2029.9893,0.7015,0.7057,253.2780,1.7325,440.0908,7.9841,0.3585,1.8301,0.1149,0.0313,0.8550,1.8902,6.8839,RFEnsemble
Olearia rani,Ds,1108.4893,0.7320,0.6692,216.8218,1.4098,439.8808,7.3389,0.3712,1.2055,0.0994,0.0191,0.8526,1.5666,7.0676,RFEnsemble
Olearia rani,I,1812.2600,-0.0358,-0.0926,191.9049,-37.1606,1629.7391,8.4755,5.3113,14.9698,1.0081,0.4562,0.5188,18.1470,47.9825,RFEnsemble
Olearia rani,Gr,441.5543,-0.0207,-0.2197,-202.8069,2.6162,74.0391,-2.2644,-0.0277,2.3648,-0.0106,-0.0007,1.0412,-2.1308,1.8868,RFEnsemble
Aristotelia serrata,D,1473.0140,0.0614,0.0282,224.8884,-40.0152,1552.0521,6.6075,5.4210,13.3637,0.9831,0.4661,0.1139,19.9370,48.0588,RFEnsemble
Aristotelia serrata,Is,1228.6033,0.7390,0.6709,319.6279,1.9527,1555.7263,8.4744,0.4748,1.5406,0.1082,0.0349,0.5596,2.4311,8.9567,RFEnsemble
Aristotelia serrata,Ds,1315.7070,0.7152,0.6956,201.6056,2.9797,717.9120,6.2399,0.3583,1.7142,0.1013,0.0205,0.9936,1.9916,8.2139,RFEnsemble
Aristotelia serrata,I,1451.9324,-0.0359,-0.0500,830.4867,-43.2890,2494.2976,24.2885,4.7694,9.2368,1.0620,0.4135,-0.8288,19.8629,40.7007,RFEnsemble
Aristotelia serrata,Gr,-21.0817,-0.0973,-0.0782,605.5983,-3.2738,942.2455,17.6810,-0.6517,-4.1269,0.0789,-0.0527,-0.9427,-0.0741,-7.3581,RFEnsemble
Dacrydium cupressinum,D,2038.4856,0.1784,0.1860,124.1860,-37.9681,1397.3319,7.3288,5.3834,15.0620,1.0089,0.4523,0.7488,16.8149,49.4883,RFEnsemble
Dacrydium cupressinum,Is,1212.3374,0.7290,0.6792,282.4227,2.5527,1051.8311,9.3072,0.5023,1.7227,0.1060,0.0277,0.9015,1.9523,8.0419,RFEnsemble
Dacrydium cupressinum,Ds,2496.2434,0.6653,0.7007,141.2917,3.7681,251.6636,5.7351,0.4033,2.1155,0.1100,0.0236,0.6627,1.5351,6.9480,RFEnsemble
Dacrydium cupressinum,I,1449.4502,-0.0447,-0.0721,402.2839,-40.9970,1931.6334,11.6124,5.1540,12.0407,1.0096,0.4541,-0.4325,20.1308,44.1649,RFEnsemble
Dacrydium cupressinum,Gr,-589.0354,-0.2231,-0.2580,278.0979,-3.0289,534.3015,4.2836,-0.2294,-3.0213,0.0007,0.0017,-1.1813,3.3160,-5.3234,RFEnsemble
Leptospermum scoparium,D,1611.6886,-0.1128,0.0531,181.8839,-39.3420,1633.0509,7.3344,5.3585,13.9038,0.9804,0.4630,0.2507,19.0332,46.8809,RFEnsemble
Leptospermum scoparium,Is,1386.4506,0.6854,0.7152,347.4861,2.0695,1266.0607,11.0826,0.5226,1.8483,0.0993,0.0389,0.8885,2.4505,10.4102,RFEnsemble
Leptospermum scoparium,Ds,1867.5072,0.7397,0.6612,185.2303,3.2033,620.6691,6.1594,0.3861,1.8898,0.1051,0.0239,0.9681,1.9673,7.9141,RFEnsemble
Leptospermum scoparium,I,1550.2327,0.0736,-0.1149,646.5226,-42.9966,1697.4421,15.5685,5.1822,10.2385,1.0351,0.4384,-0.4588,21.1551,45.9069,RFEnsemble
Leptospermum scoparium,Gr,-61.4559,0.1864,-0.1680,464.6387,-3.6546,64.3912,8.2340,-0.1762,-3.6653,0.0547,-0.0246,-0.7094,2.1218,-0.9740,RFEnsemble
Coprosma linariifolia,D,1594.6118,0.0395,0.0361,356.4925,-41.8376,1270.6210,8.2220,5.4302,12.0520,1.0103,0.4593,-0.0057,20.4551,48.1912,RFEnsemble
Coprosma linariifolia,Is,1006.3207,0.7202,0.6827,377.9683,1.8496,1292.2538,7.9640,0.4212,2.0379,0.1148,0.0328,0.3957,1.7566,5.3881,RFEnsemble
Coprosma linariifolia,Ds,1257.1631,0.7210,0.6909,290.3079,3.2419,497.2004,7.1138,0.3865,2.1788,0.1021,0.0255,0.9999,2.2622,9.1840,RFEnsemble
Coprosma linariifolia,I,1342.0094,-0.0756,-0.0978,830.9683,-41.6966,2910.5825,24.8302,4.6444,9.7321,1.0648,0.4188,-0.9184,19.6894,35.6918,RFEnsemble
Coprosma linariifolia,Gr,-252.6024,-0.1150,-0.1339,474.4758,0.1410,1639.9615,16.6082,-0.7858,-2.3199,0.0545,-0.0405,-0.9127,-0.7658,-12.4994,RFEnsemble
Fuchsia excorticata,D,1678.8976,0.0644,-0.0454,377.9973,-43.6989,1989.2195,12.0814,5.1502,10.9285,1.0142,0.4424,-0.1293,18.6842,41.4256,RFEnsemble
Fuchsia excorticata,Is,974.6802,0.7450,0.6657,347.5046,2.3792,726.7645,9.8422,0.4917,2.3676,0.0952,0.0254,0.9679,1.5743,8.7543,RFEnsemble
Fuchsia excorticata,Ds,1508.1755,0.6994,0.7104,352.0692,2.9822,1433.2629,10.7834,0.5502,2.0536,0.1177,0.0472,0.9917,2.3844,9.2901,RFEnsemble
Fuchsia excorticata,I,1135.6039,-0.0421,0.0110,447.9882,-40.2781,1564.6570,11.4254,5.2903,12.2802,0.9936,0.4603,-0.2512,21.3344,49.3796,RFEnsemble
Fuchsia excorticata,Gr,-543.2937,-0.1065,0.0564,69.9908,3.4208,-424.5625,-0.6560,0.1401,1.3517,-0.0206,0.0179,-0.1219,2.6502,7.9540,RFEnsemble
Podocarpus laetus,D,1611.0238,0.0950,0.0556,792.5216,-44.4114,2906.0261,21.4622,4.6256,8.8088,1.0575,0.4185,-0.7924,19.6732,37.7967,RFEnsemble
Podocarpus laetus,Is,1260.3472,0.6971,0.7152,311.3769,2.6332,799.1643,8.7927,0.4118,2.1185,0.1104,0.0280,0.9767,2.1358,7.6886,RFEnsemble
Podocarpus laetus,Ds,992.7336,0.7743,0.6232,339.5767,1.5259,1802.4374,10.7958,0.4640,1.2006,0.0984,0.0378,0.6100,2.2895,9.1805,RFEnsemble
Podocarpus laetus,I,1376.6846,-0.0244,-0.0438,369.5049,-40.0416,1711.6263,10.9994,5.2774,12.7049,1.0101,0.4539,-0.2154,19.7990,46.0064,RFEnsemble
Podocarpus laetus,Gr,-234.3392,-0.1194,-0.0994,-423.0168,4.3699,-1194.3998,-10.4628,0.6518,3.8962,-0.0474,0.0355,0.5770,0.1258,8.2097,RFEnsemble
Coprosma foetidissima,D,1568.5513,0.0887,-0.0451,478.5039,-43.5913,1702.0520,13.7321,5.1150,10.5409,1.0204,0.4459,-0.3356,19.6345,41.6932,RFEnsemble
Coprosma foetidissima,Is,976.8474,0.6870,0.7137,348.8110,2.3070,1517.0635,11.4570,0.5130,2.0954,0.1281,0.0290,0.8095,1.7146,8.3251,RFEnsemble
Coprosma foetidissima,Ds,1245.5342,0.7325,0.6734,363.6154,2.8275,997.3146,9.7949,0.5138,1.7158,0.0966,0.0423,0.9420,2.4695,7.1717,RFEnsemble
Coprosma foetidissima,I,1281.8297,-0.1339,0.0270,548.7820,-41.0486,2609.2183,15.2303,4.9454,11.3901,1.0542,0.4393,-0.5870,19.6367,41.6873,RFEnsemble
Coprosma foetidissima,Gr,-286.7216,-0.2226,0.0721,70.2781,2.5428,907.1663,1.4982,-0.1696,0.8492,0.0338,-0.0066,-0.2514,0.0022,-0.0059,RFEnsemble
Leucopogon fasciculatus,D,3175.9324,-0.0529,0.3386,170.9005,-38.4113,1684.4808,7.0015,5.3730,14.3099,0.9608,0.4635,0.1732,19.7242,46.7256,RFEnsemble
Leucopogon fasciculatus,Is,1013.5170,0.7304,0.6795,353.1280,2.9539,739.0016,9.5938,0.5018,2.3080,0.1106,0.0302,0.9579,2.1827,8.9436,RFEnsemble
Leucopogon fasciculatus,Ds,3824.3298,0.6204,0.7055,149.3562,1.6232,395.2500,5.6090,0.2694,1.3389,0.0829,0.0204,0.9849,2.1371,6.3237,RFEnsemble
Leucopogon fasciculatus,I,1351.1063,0.0071,-0.0695,484.9380,-41.4155,1555.8783,12.5788,5.2210,11.6182,1.0299,0.4501,-0.2867,20.2402,45.9338,RFEnsemble
Leucopogon fasciculatus,Gr,-1824.8260,0.0600,-0.4081,314.0375,-3.0042,-128.6025,5.5773,-0.1520,-2.6917,0.0690,-0.0134,-0.4599,0.5160,-0.7917,RFEnsemble
Carpodetus serratus,D,1585.3168,-0.0775,-0.0126,170.6571,-40.5912,1528.4424,6.6118,5.4178,13.3958,0.9706,0.4679,0.2059,19.6119,48.3343,RFEnsemble
Carpodetus serratus,Is,1115.3417,0.7210,0.6906,284.7578,2.3829,1319.6235,10.0346,0.4860,1.6566,0.1012,0.0315,0.6324,2.2020,8.5164,RFEnsemble
Carpodetus serratus,Ds,1514.1436,0.7200,0.6895,130.2445,3.4576,791.7396,5.9757,0.4275,1.8321,0.0926,0.0220,0.9787,2.1504,8.4751,RFEnsemble
Carpodetus serratus,I,1427.9294,0.0524,-0.0220,818.7877,-42.3725,2093.7114,20.0856,4.9042,9.6240,1.0727,0.4248,-0.7750,20.3516,40.7117,RFEnsemble
Carpodetus serratus,Gr,-157.3873,0.1300,-0.0094,648.1306,-1.7813,565.2690,13.4738,-0.5136,-3.7718,0.1022,-0.0431,-0.9808,0.7397,-7.6226,RFEnsemble
Fuscospora cliffortioides,D,1370.6263,-0.0838,-0.0341,568.6276,-42.6103,1937.2583,14.3022,5.0347,10.5115,1.0264,0.4426,-0.4859,20.1193,41.2313,RFEnsemble
Fuscospora cliffortioides,Is,1283.7280,0.5216,0.7534,435.5710,2.0086,846.7994,9.8056,0.3813,2.2002,0.1241,0.0521,0.9995,2.7054,10.8922,RFEnsemble
Fuscospora cliffortioides,Ds,1017.2285,0.7382,0.6685,369.4124,2.8123,1115.4458,10.6741,0.5302,1.9536,0.1065,0.0341,0.8741,1.9206,7.3823,RFEnsemble
Fuscospora cliffortioides,I,1591.5067,0.3942,-0.0703,487.7637,-42.6665,1233.0947,10.4466,5.4861,11.2136,1.0335,0.4533,0.0329,21.5367,50.5762,RFEnsemble
Fuscospora cliffortioides,Gr,220.8804,0.4779,-0.0362,-80.8639,-0.0562,-704.1636,-3.8556,0.4513,0.7021,0.0070,0.0108,0.5188,1.4174,9.3449,RFEnsemble
Brachyglottis repanda,D,1272.2529,-0.0071,0.0159,336.9904,-39.2054,1664.1389,8.8945,5.3294,13.1091,1.0008,0.4601,-0.4392,20.1344,46.4147,RFEnsemble
Brachyglottis repanda,Is,2804.2869,0.6833,0.7277,297.8216,3.1919,485.1722,8.2110,0.4564,2.4318,0.1070,0.0337,0.9911,2.2820,7.7452,RFEnsemble
Brachyglottis repanda,Ds,1045.8293,0.7264,0.6871,251.6487,1.4314,495.3844,7.1693,0.3857,1.5505,0.1060,0.0214,0.8983,1.6027,7.7535,RFEnsemble
Brachyglottis repanda,I,2369.6492,0.0193,-0.0575,354.6029,-39.5439,1560.1351,15.8282,5.1711,13.3124,1.0666,0.4354,0.1332,17.6469,46.0204,RFEnsemble
Brachyglottis repanda,Gr,1097.3962,0.0263,-0.0733,17.6125,-0.3386,-104.0038,6.9337,-0.1583,0.2033,0.0658,-0.0247,0.5724,-2.4875,-0.3943,RFEnsemble
Coprosma robusta,D,1637.0586,-0.0149,0.0779,348.2806,-38.3277,1791.3887,11.0242,5.2694,13.5672,1.0238,0.4527,-0.0667,19.1097,45.7517,RFEnsemble
Coprosma robusta,Is,1469.1899,0.6952,0.6929,303.6725,2.2013,638.5586,8.7101,0.4619,1.5808,0.0827,0.0268,0.9999,2.0575,9.3038,RFEnsemble
Coprosma robusta,Ds,1825.7216,0.7307,0.6780,335.9487,1.9896,484.8566,8.8738,0.4076,2.3323,0.1229,0.0298,0.9978,1.9861,7.6208,RFEnsemble
Coprosma robusta,I,1477.3734,0.0515,-0.1842,376.9979,-43.5559,1220.6769,9.0772,5.3818,11.1739,0.9875,0.4623,0.0219,20.9994,48.1592,RFEnsemble
Coprosma robusta,Gr,-159.6852,0.0663,-0.2621,28.7173,-5.2282,-570.7118,-1.9469,0.1123,-2.3933,-0.0362,0.0096,0.0886,1.8898,2.4076,RFEnsemble
Pseudowintera axillaris,D,1241.5873,0.1057,-0.0563,204.0746,-39.0372,1654.2960,8.4431,5.3563,13.9146,0.9745,0.4641,-0.0995,19.7890,47.4413,RFEnsemble
Pseudowintera axillaris,Is,1123.8074,0.7130,0.6901,256.2876,2.0206,742.8086,8.6636,0.5133,1.4761,0.0921,0.0270,0.5926,2.0735,6.5705,RFEnsemble
Pseudowintera axillaris,Ds,1143.6442,0.6873,0.7164,120.0668,1.9553,513.9410,6.0880,0.3470,1.1843,0.0914,0.0163,0.9951,1.7659,6.9462,RFEnsemble
Pseudowintera axillaris,I,1619.5148,-0.1205,0.0298,701.5402,-40.6320,1923.9696,17.1595,4.9509,10.7807,1.1059,0.4308,-0.8055,19.3425,40.6870,RFEnsemble
Pseudowintera axillaris,Gr,377.9275,-0.2263,0.0861,497.4656,-1.5949,269.6736,8.7163,-0.4054,-3.1339,0.1314,-0.0334,-0.7060,-0.4465,-6.7543,RFEnsemble
Hedycarya arborea,D,1552.2488,-0.0156,0.1820,563.0229,-40.3626,2122.2100,15.2559,5.0222,11.5589,1.0612,0.4495,-0.7716,20.4831,41.9117,RFEnsemble
Hedycarya arborea,Is,1827.1990,0.6946,0.7148,182.4008,2.4859,674.9701,7.5272,0.3525,1.6244,0.1050,0.0274,0.9923,2.2427,7.3097,RFEnsemble
Hedycarya arborea,Ds,991.8485,0.7490,0.6369,228.0086,2.0251,1184.3777,9.0832,0.5011,1.3809,0.0894,0.0217,0.6361,1.4262,7.1922,RFEnsemble
Hedycarya arborea,I,1530.9419,-0.0462,-0.0662,189.6944,-39.3078,1598.0946,7.9061,5.3890,13.9376,0.9640,0.4560,0.1237,18.8939,48.2025,RFEnsemble
Hedycarya arborea,Gr,-21.3069,-0.0307,-0.2483,-373.3285,1.0547,-524.1154,-7.3498,0.3669,2.3786,-0.0971,0.0065,0.8952,-1.5892,6.2908,RFEnsemble
Archeria traversii,D,1318.3298,0.0597,-0.0142,518.5623,-42.0082,2239.5164,15.0631,4.8453,10.9690,1.0339,0.4438,-0.7655,19.6337,40.1201,RFEnsemble
Archeria traversii,Is,1094.4559,0.7172,0.6443,281.8395,1.7491,1627.1492,5.6550,0.3437,1.2248,0.0964,0.0418,0.2674,2.6182,6.8325,RFEnsemble
Archeria traversii,Ds,977.3126,0.6850,0.7259,316.5423,2.6885,1075.3414,7.7573,0.4259,1.6937,0.1154,0.0286,0.6433,1.9545,6.2969,RFEnsemble
Archeria traversii,I,1769.7742,-0.1759,0.1989,960.6928,-43.2194,3607.6711,30.4568,4.5002,8.6023,1.0968,0.3913,-0.9636,18.7667,35.8326,RFEnsemble
Archeria traversii,Gr,451.4443,-0.2356,0.2131,442.1305,-1.2112,1368.1548,15.3937,-0.3451,-2.3667,0.0629,-0.0525,-0.1981,-0.8671,-4.2874,RFEnsemble
Melicytus ramiflorus,D,1304.9070,-0.0037,0.0601,469.4807,-40.3198,2461.3369,14.1457,4.9488,11.9198,1.0205,0.4465,-0.6449,19.8798,41.4175,RFEnsemble
Melicytus ramiflorus,Is,2220.8848,0.6740,0.7343,281.4477,3.9368,305.4866,7.7536,0.3321,2.5952,0.1027,0.0255,0.9701,2.3824,7.9483,RFEnsemble
Melicytus ramiflorus,Ds,1039.3129,0.7395,0.6704,313.9830,2.2232,1203.8517,10.0736,0.4888,1.8817,0.1139,0.0298,0.7640,1.7901,7.3053,RFEnsemble
Melicytus ramiflorus,I,1868.1709,-0.0238,-0.0774,303.6067,-41.5426,1182.8503,9.4204,5.4457,12.5405,1.0062,0.4603,0.2426,19.4542,48.2849,RFEnsemble
Melicytus ramiflorus,Gr,563.2639,-0.0201,-0.1376,-165.8740,-1.2228,-1278.4866,-4.7253,0.4969,0.6207,-0.0143,0.0139,0.8876,-0.4257,6.8674,RFEnsemble
Coprosma autumnalis,D,1350.8192,-0.1633,0.1302,310.5338,-38.2820,1675.1713,7.8142,5.4482,13.6753,1.0000,0.4630,-0.0326,19.9342,47.4107,RFEnsemble
Coprosma autumnalis,Is,1501.2252,0.7095,0.6969,311.1943,2.3521,673.8375,8.6234,0.4907,1.9559,0.1131,0.0262,0.8827,2.2442,7.7197,RFEnsemble
Coprosma autumnalis,Ds,1483.9930,0.7187,0.6632,276.3669,1.2256,604.1008,7.7366,0.3124,1.8413,0.1005,0.0267,0.9995,1.8952,7.8913,RFEnsemble
Coprosma autumnalis,I,1608.9498,0.0356,-0.0987,413.0760,-41.1396,1667.3838,13.8810,5.1133,12.0998,1.0236,0.4472,-0.4698,19.5851,45.2743,RFEnsemble
Coprosma autumnalis,Gr,258.1306,0.1989,-0.2289,102.5421,-2.8576,-7.7875,6.0668,-0.3349,-1.5755,0.0237,-0.0158,-0.4372,-0.3491,-2.1363,RFEnsemble
Phyllocladus alpinus,D,1694.5739,-0.0004,0.0471,525.3683,-39.3013,1897.8979,11.5136,5.1473,12.1017,1.0855,0.4393,-0.3779,19.2774,41.5782,RFEnsemble
Phyllocladus alpinus,Is,1041.1268,0.7312,0.6817,398.3474,2.1243,1366.4666,10.8607,0.5200,2.0107,0.1131,0.0367,0.8347,2.1221,8.7747,RFEnsemble
Phyllocladus alpinus,Ds,1004.3698,0.6688,0.7420,286.8354,2.5553,507.0870,7.8048,0.3865,2.1283,0.0979,0.0294,0.9258,1.7935,6.3710,RFEnsemble
Phyllocladus alpinus,I,1280.2628,0.0187,-0.0193,560.2003,-42.6494,2018.5453,15.4884,5.1011,10.7041,1.0142,0.4432,-0.5505,20.3504,43.3420,RFEnsemble
Phyllocladus alpinus,Gr,-414.3110,0.0191,-0.0664,34.8320,-3.3482,120.6473,3.9748,-0.0462,-1.3976,-0.0713,0.0039,-0.1726,1.0731,1.7637,RFEnsemble
Myrsine divaricata,D,1410.8752,0.0817,-0.0645,417.2555,-42.6062,1476.9818,9.7244,5.2366,11.2654,1.0091,0.4637,-0.1952,20.9216,44.9247,RFEnsemble
Myrsine divaricata,Is,2061.9856,0.7197,0.6877,465.5695,2.4853,1654.4684,10.5661,0.4538,2.7191,0.1182,0.0419,0.6044,2.1741,8.1014,RFEnsemble
Myrsine divaricata,Ds,1065.8704,0.7121,0.6943,243.8417,2.9143,742.9965,7.9947,0.5165,1.2332,0.0999,0.0218,0.9808,2.0383,8.4927,RFEnsemble
Myrsine divaricata,I,1800.2472,-0.0939,0.0179,856.3073,-42.8954,2879.1792,23.8777,4.8873,9.2149,1.0730,0.3983,-0.7966,18.6518,38.6531,RFEnsemble
Myrsine divaricata,Gr,389.3719,-0.1756,0.0825,439.0518,-0.2892,1402.1974,14.1533,-0.3494,-2.0505,0.0639,-0.0654,-0.6014,-2.2699,-6.2716,RFEnsemble
Pseudowintera colorata,D,1650.9045,-0.4551,0.0654,281.8728,-41.4713,1469.4984,7.0807,5.2959,12.4324,1.0073,0.4610,-0.2593,19.9846,46.2131,RFEnsemble
Pseudowintera colorata,Is,1000.1728,0.7116,0.6893,360.0394,2.8195,1386.0530,10.3524,0.5032,2.1445,0.1143,0.0369,0.8384,2.0986,8.4511,RFEnsemble
Pseudowintera colorata,Ds,1583.1375,0.5671,0.6834,187.9203,2.8622,530.0780,6.0365,0.4951,1.2602,0.0866,0.0223,0.9658,2.3540,6.6071,RFEnsemble
Pseudowintera colorata,I,1365.0260,0.1234,-0.0568,610.2123,-42.1915,2183.7686,17.4626,5.0134,10.5991,1.0434,0.4347,-0.5451,19.6750,41.3346,RFEnsemble
Pseudowintera colorata,Gr,-285.8785,0.5785,-0.1223,328.3394,-0.7202,714.2701,10.3819,-0.2824,-1.8333,0.0361,-0.0263,-0.2858,-0.3095,-4.8785,RFEnsemble
Coprosma ciliata,D,1434.6709,-0.0103,-0.0122,526.8257,-41.5830,1682.5573,12.8406,5.1831,11.2660,1.0314,0.4446,-0.4128,20.2854,44.1091,RFEnsemble
Coprosma ciliata,Is,1233.4808,0.6735,0.7330,388.6170,0.9151,1965.2135,12.2220,0.4792,1.5379,0.0974,0.0413,0.7730,1.8179,10.1969,RFEnsemble
Coprosma ciliata,Ds,1107.6039,0.7252,0.6883,386.4143,2.7429,804.3093,9.8040,0.4856,2.3552,0.1132,0.0365,0.9111,2.2340,8.7605,RFEnsemble
Coprosma ciliata,I,1369.9182,0.0524,-0.0796,695.2842,-44.0744,5093.9419,26.4136,4.7646,9.3922,1.0104,0.4191,-0.6344,19.3711,37.4012,RFEnsemble
Coprosma ciliata,Gr,-64.7527,0.0627,-0.0674,168.4584,-2.4913,3411.3848,13.5730,-0.4185,-1.8738,-0.0210,-0.0255,-0.2216,-0.9143,-6.7079,RFEnsemble
Knightia excelsa,D,967.4312,-0.1417,0.4627,379.2875,-39.5544,1512.4384,9.0553,5.4182,12.6572,0.9530,0.4603,-0.5553,20.5814,46.3961,RFEnsemble
Knightia excelsa,Is,1347.3496,0.7302,0.6801,223.3048,1.7350,462.4533,7.8994,0.3702,1.5160,0.1058,0.0248,0.9745,1.8647,7.2259,RFEnsemble
Knightia excelsa,Ds,1153.0201,0.5176,0.7056,273.2153,1.3472,526.2643,6.5236,0.3268,1.4724,0.1349,0.0192,0.8317,1.7235,6.9168,RFEnsemble
Knightia excelsa,I,1514.6494,0.0039,-0.0648,304.5520,-39.0824,1655.7628,10.6676,5.3042,13.4426,1.0178,0.4535,-0.2240,19.3172,46.1078,RFEnsemble
Knightia excelsa,Gr,547.2182,0.1456,-0.5276,-74.7355,0.4719,143.3245,1.6123,-0.1140,0.7855,0.0648,-0.0067,0.3313,-1.2642,-0.2882,RFEnsemble
Pennantia corymbosa,D,1594.9739,0.0441,0.0907,329.1245,-40.8162,1513.3071,5.9078,5.3418,12.4902,1.0203,0.4637,0.2474,20.1810,46.1281,RFEnsemble
Pennantia corymbosa,Is,1416.0455,0.7524,0.6514,321.9908,2.1534,1301.2521,8.7330,0.5218,2.0168,0.0898,0.0284,0.6224,2.3412,9.3200,RFEnsemble
Pennantia corymbosa,Ds,1258.5851,0.6844,0.7221,338.4713,3.5908,776.6109,6.5208,0.4373,2.4557,0.1168,0.0286,0.9689,1.9792,8.8008,RFEnsemble
Pennantia corymbosa,I,1183.7803,-0.0450,-0.0874,543.6821,-42.0781,1992.9120,19.2263,5.0684,11.0482,0.9837,0.4368,-0.7827,20.2015,44.5217,RFEnsemble
Pennantia corymbosa,Gr,-411.1936,-0.0891,-0.1781,214.5576,-1.2619,479.6049,13.3185,-0.2734,-1.4420,-0.0365,-0.0270,-1.0301,0.0205,-1.6064,RFEnsemble
Fuscospora fusca,D,1363.5459,-0.0935,0.0829,777.5764,-42.8263,2450.3547,22.6613,4.5665,9.5677,1.0469,0.4240,-0.8854,20.3685,39.9550,RFEnsemble
Fuscospora fusca,Is,1060.7246,0.7096,0.6989,275.9201,2.7033,518.9429,7.8555,0.3219,1.7329,0.1062,0.0251,0.9503,1.6661,7.1212,RFEnsemble
Fuscospora fusca,Ds,993.8999,0.7428,0.6578,340.1852,1.5953,1048.2606,9.0170,0.4532,1.6718,0.1143,0.0322,0.4646,2.3641,8.4740,RFEnsemble
Fuscospora fusca,I,1354.1617,0.0432,-0.0788,417.3614,-40.5011,1524.7996,10.2384,5.3620,12.1946,1.0246,0.4555,-0.3115,20.1816,45.1604,RFEnsemble
Fuscospora fusca,Gr,-9.3842,0.1367,-0.1616,-360.2150,2.3252,-925.5552,-12.4229,0.7956,2.6269,-0.0223,0.0315,0.5739,-0.1869,5.2054,RFEnsemble
Quintinia acutifolia,D,1466.8202,-0.0806,0.0166,403.9441,-40.0532,1831.8835,12.1518,5.1821,12.4717,1.0294,0.4515,-0.5359,19.8112,44.6081,RFEnsemble
Quintinia acutifolia,Is,524.8942,0.7156,0.6975,351.5288,1.0396,1593.9451,10.2439,0.2835,1.3841,0.1089,0.0314,0.3871,1.3685,7.4151,RFEnsemble
Quintinia acutifolia,Ds,1039.6478,0.7154,0.6938,258.9175,1.9729,711.3658,8.2145,0.4617,1.5853,0.1064,0.0236,0.8444,1.7585,7.1554,RFEnsemble
Quintinia acutifolia,I,676.9818,-0.0175,0.0328,730.1740,-43.6120,4767.2861,25.4610,4.6044,9.5447,0.9955,0.4256,-0.9220,20.1062,35.9158,RFEnsemble
Quintinia acutifolia,Gr,-789.8384,0.0630,0.0162,326.2298,-3.5588,2935.4026,13.3093,-0.5777,-2.9270,-0.0339,-0.0259,-0.3862,0.2950,-8.6924,RFEnsemble
Pterophylla racemosa,D,1466.4771,-0.0298,0.0144,376.2529,-40.3377,1739.0751,11.2980,5.1912,12.5069,1.0141,0.4536,-0.2936,19.6547,45.1116,RFEnsemble
Pterophylla racemosa,Is,1116.3242,0.7055,0.7080,297.6241,1.1016,1169.6191,7.5241,0.1669,1.0520,0.0954,0.0389,0.3200,2.2662,6.0656,RFEnsemble
Pterophylla racemosa,Ds,1432.3994,0.7139,0.6995,301.6549,2.8409,732.2385,8.7491,0.4798,2.1385,0.1096,0.0270,0.9558,2.0542,7.8913,RFEnsemble
Pterophylla racemosa,I,1394.9312,0.0327,-0.0034,771.7498,-44.2021,5259.1938,30.7793,4.5367,8.9912,1.0296,0.3918,-0.9474,18.2410,34.3848,RFEnsemble
Pterophylla racemosa,Gr,-71.5459,0.0625,-0.0177,395.4969,-3.8644,3520.1187,19.4812,-0.6545,-3.5157,0.0155,-0.0617,-0.6538,-1.4137,-10.7268,RFEnsemble
Cyathea cunninghamii,D,1099.5276,0.1461,0.0762,85.2710,-36.6098,1427.6716,6.5291,5.4150,15.7816,0.9695,0.4653,0.7568,18.2884,49.3805,RFEnsemble
Cyathea cunninghamii,Is,1256.2603,0.7095,0.7042,249.2298,1.8829,801.1685,7.9647,0.4415,1.4534,0.1095,0.0250,0.8821,1.9108,7.7539,RFEnsemble
Cyathea cunninghamii,Ds,1008.1426,0.7975,0.5804,68.6620,0.9859,180.7377,5.7350,0.2385,0.6109,0.0921,0.0209,0.6536,1.5678,5.0453,RFEnsemble
Cyathea cunninghamii,I,1386.9982,-0.0250,-0.0039,376.1205,-40.0213,1790.4567,11.0206,5.2360,12.6086,1.0165,0.4531,-0.4708,19.7868,45.3443,RFEnsemble
Cyathea cunninghamii,Gr,287.4706,-0.1711,-0.0801,290.8495,-3.4116,362.7850,4.4915,-0.1790,-3.1731,0.0469,-0.0122,-1.2276,1.4985,-4.0362,RFEnsemble
Dicksonia squarrosa,D,1185.7645,-0.0258,0.0827,97.2522,-37.5643,1486.7861,5.0686,5.4448,15.1774,0.9667,0.4748,0.5965,19.4056,50.5877,RFEnsemble
Dicksonia squarrosa,Is,1369.8224,0.7056,0.7082,284.0535,2.5358,1142.1575,9.4852,0.5061,1.6984,0.1114,0.0288,0.7833,2.2528,7.5682,RFEnsemble
Dicksonia squarrosa,Ds,1127.5305,0.7304,0.6775,76.4177,1.9746,486.6721,4.4293,0.2803,1.0661,0.0888,0.0144,0.8026,1.6428,6.1858,RFEnsemble
Dicksonia squarrosa,I,1564.5062,0.0036,-0.0240,513.4224,-41.0325,2075.0186,15.0523,5.0226,11.5087,1.0388,0.4414,-0.6215,19.5521,42.2052,RFEnsemble
Dicksonia squarrosa,Gr,378.7417,0.0293,-0.1067,416.1702,-3.4681,588.2324,9.9838,-0.4222,-3.6687,0.0722,-0.0333,-1.2180,0.1465,-8.3825,RFEnsemble
Griselinia littoralis,D,1507.4393,-0.0086,-0.0206,479.9427,-41.7662,1751.2889,13.1581,5.1981,11.4425,1.0228,0.4471,-0.2987,20.0126,44.8437,RFEnsemble
Griselinia littoralis,Is,644.5471,0.7763,0.6058,379.9143,1.7677,1570.8074,14.2691,0.3019,1.8396,0.1075,0.0275,0.9388,1.3143,8.5675,RFEnsemble
Griselinia littoralis,Ds,1264.6040,0.7144,0.6994,375.7773,3.1077,1061.2434,10.1018,0.5026,2.4325,0.1098,0.0369,0.9542,2.2720,9.0643,RFEnsemble
Griselinia littoralis,I,787.9990,0.1015,0.1421,648.9781,-42.0113,5348.6143,20.0667,4.6904,10.3968,1.0246,0.4365,-0.3444,19.4267,32.4522,RFEnsemble
Griselinia littoralis,Gr,-719.4404,0.1101,0.1627,169.0354,-0.2451,3597.3252,6.9085,-0.5077,-1.0458,0.0018,-0.0106,-0.0457,-0.5859,-12.3914,RFEnsemble
Cyathea dealbata,D,2280.6218,-0.1327,0.9335,124.3654,-36.3796,1519.3837,5.9023,5.6967,15.6733,1.0208,0.4592,1.0000,17.3203,48.1171,RFEnsemble
Cyathea dealbata,Is,1578.9440,0.7139,0.7002,252.5524,1.9812,476.4648,7.8653,0.3916,1.7735,0.1076,0.0245,0.9821,2.0174,7.4574,RFEnsemble
Cyathea dealbata,Ds,2159.7241,0.2789,0.1822,124.8596,1.6509,283.6075,5.3509,0.3731,1.1681,0.0925,0.0172,0.0000,1.3368,6.7106,RFEnsemble
Cyathea dealbata,I,1501.7201,-0.0040,-0.0041,317.8142,-39.1806,1595.2311,9.9929,5.3160,13.3300,1.0083,0.4563,-0.1859,19.6307,46.9089,RFEnsemble
Cyathea dealbata,Gr,-778.9017,0.1287,-0.9376,193.4488,-2.8010,75.8474,4.0906,-0.3807,-2.3432,-0.0126,-0.0028,-1.1859,2.3104,-1.2082,RFEnsemble
Myrsine australis,D,1765.2863,-0.0775,0.1900,497.2638,-40.9778,1769.5089,12.3296,5.1733,11.6283,1.0619,0.4434,-0.9157,19.5468,42.8464,RFEnsemble
Myrsine australis,Is,1899.1901,0.7167,0.6814,310.9829,3.4976,1078.2351,10.4837,0.4887,2.5054,0.0939,0.0289,0.9087,2.2586,9.1848,RFEnsemble
Myrsine australis,Ds,1258.5626,0.6952,0.6889,286.1142,2.6324,870.0437,7.3089,0.4499,1.7106,0.1031,0.0279,0.4019,2.0721,7.6601,RFEnsemble
Myrsine australis,I,1449.3536,0.0629,-0.1346,282.9579,-40.8122,1621.1339,9.3610,5.3373,12.8245,0.9710,0.4623,0.4175,20.1456,48.4009,RFEnsemble
Myrsine australis,Gr,-315.9326,0.1404,-0.3246,-214.3058,0.1656,-148.3750,-2.9686,0.1640,1.1962,-0.0909,0.0189,1.3331,0.5988,5.5544,RFEnsemble
Quintinia serrata,D,1314.8071,-0.0126,-0.0113,391.9468,-39.6057,1730.8860,11.7507,5.2110,12.7055,1.0132,0.4541,-0.4073,19.9848,45.0690,RFEnsemble
Quintinia serrata,Is,1045.3591,0.7052,0.6925,390.2276,2.3124,1624.6315,12.4975,0.3668,1.9930,0.1241,0.0325,0.7311,1.8108,7.7859,RFEnsemble
Quintinia serrata,Ds,1049.6482,0.7137,0.7002,275.2791,1.7325,558.5153,8.4391,0.4674,1.8109,0.1006,0.0233,0.9135,1.7870,7.2573,RFEnsemble
Quintinia serrata,I,1323.4471,-0.0924,0.1209,554.3691,-42.6948,3846.8235,18.3138,4.7008,10.7525,1.0192,0.4376,-0.6823,19.5251,38.9892,RFEnsemble
Quintinia serrata,Gr,8.6400,-0.0797,0.1322,162.4222,-3.0891,2115.9375,6.5631,-0.5101,-1.9530,0.0060,-0.0165,-0.2750,-0.4597,-6.0798,RFEnsemble
Dracophyllum longifolium,D,1390.0790,0.0032,0.0005,375.4162,-41.8088,1669.0996,10.3482,5.2353,11.8387,1.0126,0.4580,-0.2673,20.3314,44.6700,RFEnsemble
Dracophyllum longifolium,Is,1065.7865,0.7742,0.6280,342.1413,1.5946,1827.4585,8.7834,0.4641,1.5232,0.1087,0.0373,0.5386,1.9763,8.3501,RFEnsemble
Dracophyllum longifolium,Ds,1117.4333,0.6866,0.7271,211.9963,2.8811,885.8032,7.5510,0.4706,1.4715,0.1013,0.0255,0.9637,2.2661,8.0910,RFEnsemble
Dracophyllum longifolium,I,1628.8964,0.0635,-0.0465,1106.6584,-43.6754,3042.4790,27.1841,4.8467,7.7499,1.1038,0.3878,-0.8426,19.3394,36.9809,RFEnsemble
Dracophyllum longifolium,Gr,238.8174,0.0603,-0.0471,731.2422,-1.8667,1373.3794,16.8360,-0.3886,-4.0888,0.0912,-0.0701,-0.5753,-0.9921,-7.6891,RFEnsemble
Myrsine salicina,D,1518.6327,0.0987,-0.1193,499.3386,-38.9080,1718.9821,11.9241,5.2129,12.5167,1.0807,0.4368,-0.4215,18.5950,43.9673,RFEnsemble
Myrsine salicina,Is,1155.8931,0.6967,0.6506,267.3711,2.2524,1021.4407,9.3027,0.5152,1.7185,0.0972,0.0232,0.8752,1.7678,8.0048,RFEnsemble
Myrsine salicina,Ds,1223.0854,0.6829,0.7140,294.5983,1.6345,516.2404,8.2535,0.4146,2.0262,0.1028,0.0253,0.9068,1.8443,6.7685,RFEnsemble
Myrsine salicina,I,1381.1263,-0.2469,0.1743,305.1208,-41.4154,2454.2446,11.9466,4.8477,12.3009,0.9732,0.4591,-0.4836,20.2879,42.1624,RFEnsemble
Myrsine salicina,Gr,-137.5063,-0.3456,0.2936,-194.2178,-2.5075,735.2626,0.0225,-0.3653,-0.2158,-0.1075,0.0222,-0.0621,1.6929,-1.8049,RFEnsemble
Schefflera digitata,D,1576.3555,0.1687,-0.0655,536.4698,-43.2109,2397.5361,16.2938,4.9260,10.4448,1.0333,0.4362,-0.5694,19.4357,41.5491,RFEnsemble
Schefflera digitata,Is,1779.5702,0.6965,0.7149,221.7495,2.4551,576.3781,6.7327,0.3350,1.9042,0.0948,0.0211,0.9726,2.0613,7.1833,RFEnsemble
Schefflera digitata,Ds,1254.2944,0.7257,0.6638,379.6595,2.7468,1628.1735,11.9455,0.5241,1.6895,0.1225,0.0454,0.8221,2.4487,9.3736,RFEnsemble
Schefflera digitata,I,1534.2844,-0.0618,0.0045,237.7730,-38.9623,1535.1829,7.9202,5.4136,13.8822,0.9897,0.4587,0.2326,19.2860,48.2363,RFEnsemble
Schefflera digitata,Gr,-42.0710,-0.2305,0.0700,-298.6968,4.2486,-862.3533,-8.3736,0.4877,3.4374,-0.0437,0.0225,0.8021,-0.1497,6.6873,RFEnsemble
Coprosma parviflora,D,1668.3215,-0.0778,-0.0653,574.7159,-41.4937,2177.3704,15.1485,5.0319,11.0809,1.0398,0.4396,-0.4182,20.0363,42.1273,RFEnsemble
Coprosma parviflora,Is,757.9232,0.6336,0.6791,238.4862,2.7626,235.5504,6.7542,0.3083,1.8548,0.0921,0.0275,1.0000,2.2915,9.1074,RFEnsemble
Coprosma parviflora,Ds,1306.4875,0.7222,0.6842,406.4179,2.8628,1249.6245,10.6819,0.5059,2.5289,0.1133,0.0363,0.9082,2.1651,8.6704,RFEnsemble
Coprosma parviflora,I,657.2704,0.2482,0.2750,233.2496,-41.8275,1047.7769,6.3428,5.5875,12.6150,0.9553,0.4647,-0.0107,20.2692,51.0380,RFEnsemble
Coprosma parviflora,Gr,-1011.0511,0.3260,0.3403,-341.4663,-0.3338,-1129.5935,-8.8057,0.5556,1.5341,-0.0846,0.0251,0.4075,0.2329,8.9107,RFEnsemble
Geniostoma ligustrifolium,D,1312.1974,-0.0143,-0.0185,485.6860,-39.3065,1721.7736,12.8118,5.2100,12.3276,1.0446,0.4512,-0.8208,20.1015,44.3143,RFEnsemble
Geniostoma ligustrifolium,Is,2290.1633,0.7011,0.7122,110.6579,2.1716,382.2557,5.8346,0.2279,1.2596,0.0996,0.0239,0.7514,2.0049,5.8528,RFEnsemble
Geniostoma ligustrifolium,Ds,950.7773,0.7142,0.6996,229.3372,1.1775,488.1118,8.1765,0.4289,1.3398,0.1023,0.0252,0.5713,1.6307,7.4473,RFEnsemble
Geniostoma ligustrifolium,I,1812.7294,-0.0268,0.0248,131.3935,-38.1298,1496.1917,6.5552,5.4419,14.8222,0.9792,0.4596,0.6598,18.5927,48.9435,RFEnsemble
Geniostoma ligustrifolium,Gr,500.5320,-0.0125,0.0434,-354.2924,1.1767,-225.5819,-6.2567,0.2319,2.4946,-0.0653,0.0084,1.4806,-1.5088,4.6292,RFEnsemble
Kunzea ericoides,D,1770.2073,-0.0191,-0.0419,317.3811,-39.2998,1461.0970,10.0425,5.3680,13.3019,0.9943,0.4605,-0.1418,20.1794,48.8359,RFEnsemble
Kunzea ericoides,Is,1016.2304,0.6785,0.7326,415.4136,2.6619,878.4982,9.4496,0.4760,2.0394,0.1129,0.0343,0.9839,2.3468,9.0086,RFEnsemble
Kunzea ericoides,Ds,2079.2913,0.7372,0.6740,261.6180,2.1267,495.9019,8.7589,0.4299,1.9800,0.0984,0.0243,0.9899,2.0762,8.3090,RFEnsemble
Kunzea ericoides,I,1289.9492,-0.0201,-0.0505,537.1126,-43.4663,1560.0583,11.1816,5.2150,10.4406,1.0256,0.4480,-0.1785,20.4642,43.2118,RFEnsemble
Kunzea ericoides,Gr,-480.2581,-0.0010,-0.0087,219.7315,-4.1665,98.9613,1.1390,-0.1529,-2.8613,0.0313,-0.0125,-0.0367,0.2848,-5.6242,RFEnsemble
Metrosideros umbellata,D,1389.8992,-0.1034,0.0017,414.1438,-41.5392,1434.0643,11.6092,5.2926,11.8611,1.0218,0.4554,-0.3229,20.0013,45.5988,RFEnsemble
Metrosideros umbellata,Is,1139.0693,0.7057,0.7063,422.5821,2.1812,1244.5089,12.1180,0.3468,2.1029,0.1296,0.0492,0.5831,2.2058,6.3770,RFEnsemble
Metrosideros umbellata,Ds,1118.0186,0.7152,0.6912,291.1401,3.1446,531.4796,8.3086,0.4320,2.0540,0.0999,0.0235,0.9466,1.9953,7.5757,RFEnsemble
Metrosideros umbellata,I,1478.1741,0.0545,0.0092,575.6942,-42.3947,3704.4436,19.2197,4.6303,10.4938,1.0281,0.4183,-0.8124,18.5174,36.4025,RFEnsemble
Metrosideros umbellata,Gr,88.2749,0.1579,0.0075,161.5504,-0.8554,2270.3794,7.6105,-0.6623,-1.3673,0.0063,-0.0371,-0.4895,-1.4839,-9.1963,RFEnsemble
Pseudopanax colensoi,D,1843.8901,0.0437,0.3287,653.3210,-44.2321,3023.7217,21.4982,4.6548,9.6506,1.0909,0.3983,-0.7534,17.8085,39.8144,RFEnsemble
Pseudopanax colensoi,Is,1045.5897,0.7363,0.6601,391.5302,2.5958,1151.5613,10.2207,0.4590,2.3239,0.1115,0.0336,0.8523,1.7261,8.1665,RFEnsemble
Pseudopanax colensoi,Ds,1272.9133,0.6666,0.6675,328.0840,2.2488,1640.4437,10.5637,0.4129,1.7568,0.1131,0.0642,0.6576,3.4186,8.5624,RFEnsemble
Pseudopanax colensoi,I,1319.7688,-0.0425,-0.1428,541.6600,-41.3397,1958.3850,14.2585,5.1587,11.2268,1.0255,0.4435,-0.5231,19.9940,42.3740,RFEnsemble
Pseudopanax colensoi,Gr,-524.1213,-0.0862,-0.4715,-111.6609,2.8924,-1065.3367,-7.2397,0.5039,1.5762,-0.0654,0.0453,0.2302,2.1855,2.5595,RFEnsemble
Beilschmiedia tawa,D,1450.8970,-0.0630,-0.0070,161.9201,-38.7520,1452.8689,7.6301,5.4357,14.3880,0.9629,0.4651,0.1656,19.5195,50.8315,RFEnsemble
Beilschmiedia tawa,Is,1002.7983,0.7254,0.6879,264.2996,1.4696,550.7164,8.3310,0.4213,1.4413,0.0967,0.0286,0.6928,1.5792,3.8273,RFEnsemble
Beilschmiedia tawa,Ds,1552.2533,0.7025,0.7089,141.1617,2.2568,403.3854,6.4929,0.3096,1.4130,0.0977,0.0218,0.9863,2.2285,6.7807,RFEnsemble
Beilschmiedia tawa,I,1470.1831,0.0235,-0.0039,621.9630,-39.5158,2060.7632,14.7119,4.9477,11.4532,1.1009,0.4329,-0.7211,18.9058,38.3512,RFEnsemble
Beilschmiedia tawa,Gr,19.2861,0.0865,0.0031,460.0429,-0.7638,607.8943,7.0818,-0.4881,-2.9349,0.1380,-0.0322,-0.8867,-0.6138,-12.4803,RFEnsemble
Coprosma lucida,D,1528.6954,0.0194,0.0220,596.5065,-41.1034,1873.4899,16.5267,5.0662,11.1954,1.0567,0.4394,-0.8812,19.9654,43.4271,RFEnsemble
Coprosma lucida,Is,1895.7965,0.6959,0.7141,156.2708,3.7530,934.9490,5.4535,0.3593,2.0711,0.0767,0.0206,0.5625,2.2168,8.1613,RFEnsemble
Coprosma lucida,Ds,1171.6481,0.7227,0.6906,348.2478,2.4258,880.8799,9.2497,0.5018,2.1625,0.1095,0.0313,0.4724,2.0266,8.3990,RFEnsemble
Coprosma lucida,I,1602.4940,-0.0031,-0.0753,142.6077,-40.5906,1435.8022,4.2895,5.4971,13.5384,0.9547,0.4714,0.8273,19.8475,49.0607,RFEnsemble
Coprosma lucida,Gr,73.7986,-0.0225,-0.0973,-453.8989,0.5128,-437.6876,-12.2372,0.4309,2.3430,-0.1020,0.0320,1.7085,-0.1178,5.6336,RFEnsemble
Pectinopitys ferruginea,D,1376.0619,-0.2002,-0.0444,351.0227,-39.4499,1935.2368,16.1665,5.1795,13.2530,1.0584,0.4322,-0.3065,17.3245,46.1766,RFEnsemble
Pectinopitys ferruginea,Is,1275.3827,0.7402,0.6681,325.2858,3.0228,1030.2483,9.7990,0.5146,2.1803,0.1021,0.0267,0.9902,1.8890,8.7086,RFEnsemble
Pectinopitys ferruginea,Ds,1366.7675,0.5073,0.8370,297.2321,3.1426,1040.4958,6.7112,0.4076,2.2489,0.1226,0.0353,0.9519,1.7973,8.2326,RFEnsemble
Pectinopitys ferruginea,I,1445.3027,0.0756,-0.0018,388.5605,-41.3775,1735.0928,9.8261,5.2210,11.9663,0.9949,0.4581,-0.1386,20.3613,45.2238,RFEnsemble
Pectinopitys ferruginea,Gr,69.2408,0.2758,0.0426,37.5378,-1.9276,-200.1440,-6.3405,0.0415,-1.2867,-0.0635,0.0259,0.1679,3.0368,-0.9527,RFEnsemble
