Species,Type,WindExposition,Slope,Ruggedness,Roughness,Elevation,pH,Longitude,Latitude,Drainage,DistanceToTheCoast,DistanceToNearestRiver,CalciumContent,Aspect Eastness,Aspect Northness,DistanceToTheRoad,Possum,RedDeer,Rats,BIOEnd1,BIOEnd2,BIOEnd3,BIOEnd4,BIOEnd5,BIOEnd6,BIOEnd7,BIOEnd8,BIOEnd9,BIOEnd10,BIOEnd11,BIOEnd12,BIOEnd13,BIOEnd14,BIOEnd15,BIOEnd16,BIOEnd17,BIOEnd18,BIOEnd19,Model
Pseudopanax crassifolius,D,0.9968,6.5974,10.4273,33.5025,367.2401,5.0843,170.4924,-44.0508,4.0646,37040.0859,1700.2803,1.5206,0.1223,-0.0351,6820.7480,0.9643,-0.0861,-0.9902,10.7493,9.1978,0.4581,3.4787,21.4356,1.3878,20.0477,10.4957,11.3944,15.1660,6.2599,1458.7992,223.8582,49.0483,43.9375,497.6609,241.0856,344.2012,363.2875,RFEnsemble
Pseudopanax crassifolius,Is,0.1133,10.0380,16.5260,54.1038,372.9648,0.4755,2.6773,2.6210,0.9428,23537.2754,1322.6124,0.6549,0.7241,0.6882,4871.2920,0.2194,0.9357,0.0133,2.4932,1.2167,0.0327,0.3284,2.2686,2.6426,1.8816,2.1758,3.2476,2.2538,2.8157,1177.5115,161.8785,54.9832,8.8986,378.8412,224.2034,307.7756,242.8621,RFEnsemble
Pseudopanax crassifolius,Ds,0.0972,7.4522,11.5360,37.2543,270.8306,0.5855,3.0072,2.8641,1.2097,29096.1914,1541.0267,0.6280,0.6826,0.7196,13090.9795,0.2648,0.9963,0.1392,1.4043,1.7615,0.0336,0.4935,2.2661,1.7253,3.0852,1.4592,2.0950,1.5823,1.5305,723.0028,95.5947,34.1803,9.9257,227.6748,141.2747,183.2779,166.2223,RFEnsemble
Pseudopanax crassifolius,I,1.0225,14.5797,23.3005,74.2496,438.1849,5.1879,173.9990,-40.3259,4.3538,27611.5195,1406.9703,1.5062,-0.0414,-0.0199,3207.4199,0.9756,-0.3528,-0.9999,12.3190,8.6975,0.4458,3.4549,22.7721,3.2631,19.5090,11.1897,13.9511,16.7896,7.9541,2028.1838,316.1474,68.3860,44.7522,708.8661,323.8869,443.6782,543.5071,RFEnsemble
Pseudopanax crassifolius,Gr,0.0257,7.9823,12.8732,40.7471,70.9447,0.1036,3.5067,3.7249,0.2892,-9428.5664,-293.3099,-0.0144,-0.1637,0.0153,-3613.3281,0.0113,-0.2666,-0.0096,1.5697,-0.5003,-0.0123,-0.0238,1.3364,1.8753,-0.5387,0.6939,2.5567,1.6236,1.6942,569.3846,92.2893,19.3377,0.8148,211.2052,82.8013,99.4771,180.2196,RFEnsemble
Neomyrtus pedunculata,D,1.0817,8.6617,13.9306,44.1678,495.1787,5.2352,174.5718,-40.1868,4.5728,46537.6016,1550.2361,1.5299,0.0566,-0.0088,1543.9114,0.9887,-0.3011,-0.9999,11.8302,8.5319,0.4462,3.4044,22.1563,2.9974,19.1589,10.6106,13.6133,16.2487,7.5539,1659.9539,254.9137,53.7821,42.1611,579.2656,259.5620,354.2705,472.1311,RFEnsemble
Neomyrtus pedunculata,Is,0.1072,10.5760,17.0405,55.5177,348.7748,0.5557,2.7428,2.2935,0.9275,22276.8066,1106.5804,0.6052,0.7201,0.6938,7815.5142,0.1826,0.8895,0.0475,1.9636,1.4556,0.0335,0.3402,2.1115,2.0879,2.2153,1.8735,2.8097,1.8474,2.1930,1285.3862,177.1752,58.3225,9.8237,416.3726,240.9478,328.2508,276.0372,RFEnsemble
Neomyrtus pedunculata,Ds,0.0932,6.2781,10.1513,32.5034,310.0868,0.3663,3.1242,3.2148,0.7884,34917.2070,1136.5442,0.6438,0.7144,0.6973,2972.3735,0.1500,0.9536,0.0101,1.8982,0.8643,0.0237,0.2796,1.9039,1.9248,1.5095,1.7124,2.4344,1.8647,2.0165,379.2847,58.8433,16.6618,6.2482,133.6457,62.7997,68.5519,124.9190,RFEnsemble
Neomyrtus pedunculata,I,0.9957,14.3763,22.6399,72.4613,484.7396,5.0874,172.3585,-42.2772,4.4424,34518.6719,1308.0590,1.4306,0.0013,-0.0071,4672.0645,0.9831,-0.4567,-0.9988,11.1900,9.2925,0.4498,3.6270,22.2432,1.6117,20.6316,10.5510,12.2771,15.8376,6.5466,1967.8766,305.4886,67.6104,45.1852,678.9363,322.0316,447.1848,494.4622,RFEnsemble
Neomyrtus pedunculata,Gr,-0.0859,5.7146,8.7092,28.2935,-10.4391,-0.1478,-2.2132,-2.0904,-0.1304,-12018.9297,-242.1771,-0.0993,-0.0553,0.0017,3128.1531,-0.0056,-0.1556,0.0012,-0.6401,0.7606,0.0036,0.2226,0.0869,-1.3857,1.4728,-0.0596,-1.3362,-0.4112,-1.0073,307.9227,50.5749,13.8283,3.0240,99.6708,62.4696,92.9143,22.3311,RFEnsemble
Metrosideros fulgens,D,0.9754,10.4970,17.0649,53.8359,258.3515,5.2413,174.5140,-39.7896,4.4605,27840.0215,1211.5924,1.5231,-0.0141,0.0429,2022.3328,0.9950,-0.2484,-0.9994,13.2963,9.4855,0.4653,3.4844,24.0804,3.6581,20.4221,12.0985,15.0158,17.8011,8.8858,1998.5116,315.6559,63.2196,46.0855,703.1386,313.2146,440.4479,533.3804,RFEnsemble
Metrosideros fulgens,Is,0.1117,8.0538,13.0618,42.6607,306.4741,0.4419,1.9050,2.3367,0.7888,22172.8223,1882.2712,0.6024,0.7169,0.6955,3131.9219,0.2731,0.9432,0.0374,2.1842,0.8430,0.0259,0.2764,1.7887,2.4840,1.4510,2.2357,2.1722,1.9360,2.4761,502.9278,64.2601,26.7446,7.1991,157.0236,96.5022,106.4212,140.3561,RFEnsemble
Metrosideros fulgens,Ds,0.0933,8.6335,14.0144,45.0251,186.1009,0.4449,2.3607,2.1269,0.8784,20788.2969,1031.0024,0.6125,0.7126,0.7001,3975.2603,0.0981,0.9687,0.0291,1.5053,0.8659,0.0185,0.2412,1.5105,1.7125,1.4539,1.2479,2.3209,1.4174,1.6862,1150.7463,159.4756,52.9136,7.8915,369.8951,219.7294,309.0808,222.9647,RFEnsemble
Metrosideros fulgens,I,1.0936,14.2455,22.2817,70.8562,474.5800,5.0649,175.2313,-38.9360,4.3987,20829.5781,1960.7825,1.3869,-0.0345,-0.0350,2818.9363,0.9619,-0.3324,-0.9992,12.7341,7.0837,0.4192,3.1459,21.8825,4.9642,16.9183,11.0704,14.9920,16.8554,8.8358,1894.7714,290.5708,64.4110,42.6344,666.1474,295.2560,382.2294,561.2361,RFEnsemble
Metrosideros fulgens,Gr,0.1182,3.7485,5.2168,17.0203,216.2285,-0.1764,0.7173,0.8536,-0.0618,-7010.4434,749.1901,-0.1362,-0.0204,-0.0778,796.6035,-0.0330,-0.0840,0.0001,-0.5622,-2.4018,-0.0461,-0.3384,-2.1979,1.3061,-3.5038,-1.0281,-0.0238,-0.9457,-0.0500,-103.7402,-25.0851,1.1914,-3.4511,-36.9912,-17.9587,-58.2184,27.8557,RFEnsemble
Piper excelsum,D,1.0197,5.9725,10.3400,32.4693,214.5482,5.3600,175.1392,-37.7761,4.1285,24605.4238,1622.8507,1.5603,0.0494,0.0807,804.4056,0.9834,0.6147,-0.9984,14.4051,8.9189,0.4606,3.3009,24.6323,5.2892,19.3432,12.7313,16.7183,18.7077,10.2751,1672.3800,264.7702,47.8008,45.4451,602.7636,246.1554,334.5007,506.2304,RFEnsemble
Piper excelsum,Is,0.1100,8.3793,13.7448,44.4564,252.3891,0.4755,2.4076,2.3381,0.7906,21984.5410,1267.7649,0.6461,0.6936,0.7193,3056.7603,0.1099,0.8261,0.0407,1.5502,1.2802,0.0256,0.2819,1.6672,1.8445,2.0312,1.5229,1.8965,1.4884,1.7225,569.2109,75.8745,26.3289,8.3663,180.8918,106.0055,121.3345,151.4597,RFEnsemble
Piper excelsum,Ds,0.0977,4.7309,8.0480,25.3482,190.9790,0.2633,1.1234,1.3356,1.1140,22245.6328,1658.3523,0.6091,0.7599,0.6432,1112.2738,0.1821,0.7888,0.0590,1.3346,1.2429,0.0219,0.2952,1.3929,1.8319,2.0906,1.3320,1.4022,1.1988,1.5573,436.1305,65.5763,18.8059,5.5465,149.4985,72.9571,86.4618,130.5890,RFEnsemble
Piper excelsum,I,1.0151,13.8614,21.9864,69.5017,395.7353,5.2397,174.3856,-40.7246,4.5423,29660.4824,1445.5084,1.4611,-0.0194,-0.0345,2354.3606,0.9938,-0.5635,-0.9990,12.2919,8.9960,0.4531,3.4788,22.9075,3.0707,19.8369,10.9914,14.1634,16.7822,7.8866,1574.5364,252.0278,49.7884,46.0050,556.6450,243.2582,330.6320,443.3863,RFEnsemble
Piper excelsum,Gr,-0.0046,7.8889,11.6464,37.0324,181.1872,-0.1203,-0.7536,-2.9485,0.4138,5055.0586,-177.3423,-0.0992,-0.0688,-0.1152,1549.9551,0.0104,-1.1782,-0.0006,-2.1132,0.0771,-0.0075,0.1780,-1.7247,-2.2185,0.4937,-1.7398,-2.5549,-1.9255,-2.3885,-97.8436,-12.7424,1.9876,0.5598,-46.1186,-2.8973,-3.8687,-62.8441,RFEnsemble
Coprosma dumosa,D,0.9358,5.3052,8.6543,27.3814,225.7813,5.2949,174.3771,-40.1221,4.2338,28398.4570,1073.1871,1.6597,-0.1075,0.1131,1070.7994,0.9837,-0.1386,-1.0000,13.2677,9.6233,0.4670,3.5224,24.0982,3.4469,20.6514,12.0542,15.1214,17.7997,8.7871,1737.3979,288.3174,47.5829,49.0192,627.4099,257.2130,370.3707,482.6958,RFEnsemble
Coprosma dumosa,Is,0.1106,10.2978,16.8614,55.4334,414.4250,0.5211,2.9208,2.7204,0.8180,26181.5977,1241.9283,0.5936,0.7229,0.6864,5631.8706,0.2734,0.9178,0.0003,2.2987,1.4604,0.0394,0.3529,2.2820,2.4008,2.1378,2.1608,3.1707,2.1177,2.5783,1330.8380,182.2814,61.5312,9.2845,429.9385,250.0578,333.8415,290.2647,RFEnsemble
Coprosma dumosa,Ds,0.0831,6.9090,11.0639,35.0428,232.4578,0.4573,2.7703,2.4172,1.2289,24502.9336,1043.4857,0.6634,0.6938,0.7031,2220.7131,0.1801,0.9903,0.0000,1.7698,1.0249,0.0180,0.3488,1.5436,2.2209,1.9709,1.6373,2.0913,1.5946,2.0856,587.5333,88.5419,23.3328,8.0525,195.6396,105.8394,141.6661,142.1066,RFEnsemble
Coprosma dumosa,I,1.0554,15.7067,24.7773,79.4360,603.8235,5.1282,172.1120,-42.5817,4.4254,37717.2500,1570.0353,1.4514,0.0477,-0.0626,4326.6021,0.9622,-0.3969,-1.0003,10.5077,8.6559,0.4368,3.5674,21.2498,1.4601,19.7900,10.0062,11.3622,15.0858,5.9552,1916.1233,288.8330,70.8777,42.2003,651.6453,321.9944,438.8009,481.9583,RFEnsemble
Coprosma dumosa,Gr,0.1196,10.4015,16.1230,52.0546,378.0422,-0.1668,-2.2650,-2.4597,0.1917,9318.7930,496.8481,-0.2083,0.1552,-0.1757,3255.8027,-0.0214,-0.2583,-0.0003,-2.7600,-0.9674,-0.0302,0.0450,-2.8484,-1.9868,-0.8614,-2.0479,-3.7592,-2.7140,-2.8319,178.7253,0.5156,23.2948,-6.8189,24.2354,64.7815,68.4303,-0.7375,RFEnsemble
Fuscospora solandri,D,0.9916,9.1147,14.7025,46.4849,297.8982,5.3163,173.4467,-41.0018,4.2910,29433.4824,1458.9780,1.5675,0.0111,-0.0313,1606.3573,0.9900,-0.0336,-1.0008,12.6505,9.3948,0.4628,3.4951,23.4297,3.1151,20.3146,11.6878,14.0875,17.1384,8.1948,1540.7676,250.4274,45.9376,47.5210,550.4473,234.4504,333.5171,423.6588,RFEnsemble
Fuscospora solandri,Is,0.0932,8.7899,15.4610,51.9466,294.1247,0.3739,3.1510,2.5430,0.6209,23719.6055,989.6520,0.4777,0.7438,0.6661,3938.3062,0.5046,0.4151,0.0000,1.8444,1.0793,0.0303,0.2971,1.7793,1.9891,1.7642,1.6805,2.5282,1.6995,2.0981,714.8675,98.3799,33.6203,7.2298,233.5608,130.2229,147.9655,190.7478,RFEnsemble
Fuscospora solandri,Ds,0.0986,7.9540,12.7178,40.7164,232.4769,0.4563,2.7664,3.0601,1.0117,23345.7949,1354.3080,0.6466,0.7107,0.7027,3029.5476,0.1465,0.9995,0.0008,1.9313,1.2452,0.0221,0.3599,1.7263,2.4544,2.1977,1.5919,2.8384,1.7833,2.2693,732.7073,106.5860,29.9449,8.3723,243.7458,131.0052,172.6111,180.6972,RFEnsemble
Fuscospora solandri,I,1.1388,22.2198,34.5656,111.8816,1151.7113,5.0310,172.6427,-42.1554,4.6738,64519.1836,1589.4098,1.2906,0.0247,-0.0495,7037.1763,0.8634,-0.9098,-1.0000,8.0377,7.5863,0.3927,3.7549,18.8719,-0.4453,19.3172,7.2453,9.4762,12.9012,3.2969,1842.5231,267.5146,74.5431,36.5936,611.0631,320.3013,404.7156,481.7709,RFEnsemble
Fuscospora solandri,Gr,0.1472,13.1051,19.8631,65.3966,853.8131,-0.2853,-0.8039,-1.1536,0.3828,35085.7031,130.4318,-0.2770,0.0136,-0.0182,5430.8188,-0.1267,-0.8762,0.0008,-4.6128,-1.8085,-0.0701,0.2599,-4.5578,-3.5604,-0.9974,-4.4425,-4.6112,-4.2372,-4.8980,301.7555,17.0872,28.6055,-10.9273,60.6158,85.8509,71.1986,58.1121,RFEnsemble
Coprosma pseudocuneata,D,1.0383,15.7606,24.4221,78.7534,637.6582,4.9602,171.9763,-42.5918,4.5747,45151.1836,1326.1512,1.3275,0.0856,0.0170,5232.9014,0.9759,-0.7075,-0.9987,10.2287,8.8582,0.4378,3.6467,21.2186,0.9939,20.2246,9.6853,11.1998,14.9065,5.5683,2010.7841,311.9064,68.1432,43.1774,694.2614,328.9368,465.8586,499.9884,RFEnsemble
Coprosma pseudocuneata,Is,0.1116,9.7668,18.3098,60.9348,484.1004,0.4612,2.4179,1.9262,0.7472,26784.6543,1036.1971,0.5105,0.7377,0.6676,9056.9922,0.5673,0.5142,0.0143,2.6764,1.4494,0.0469,0.3134,2.7968,2.3139,1.8877,2.4837,3.4667,2.5030,2.8953,1740.1643,222.4099,92.2132,6.8774,543.5886,345.6015,444.8014,357.4701,RFEnsemble
Coprosma pseudocuneata,Ds,0.1103,9.5636,15.7482,51.8604,292.9442,0.4817,3.2238,2.6503,0.7518,26716.0098,1011.7811,0.5548,0.7153,0.6933,7351.5098,0.2182,0.7067,0.0503,1.4746,1.3097,0.0309,0.3397,1.6893,1.7190,2.1372,1.5366,2.3820,1.4124,1.6890,1254.1815,185.2586,49.9272,7.9782,424.1866,222.1010,334.5113,261.4650,RFEnsemble
Coprosma pseudocuneata,I,1.1160,25.4285,40.8736,131.3326,1063.9116,4.8876,171.0809,-43.0595,4.5746,45362.9023,1714.7162,1.3334,-0.0776,0.0637,8903.8438,0.8235,-0.8577,-0.9999,8.1963,7.5439,0.3925,3.6839,18.8759,-0.2788,19.1547,7.7944,9.0237,12.9610,3.5323,2962.2485,408.4211,132.6910,33.5672,955.1304,546.2655,690.2171,700.3843,RFEnsemble
Coprosma pseudocuneata,Gr,0.0777,9.6679,16.4515,52.5792,426.2534,-0.0726,-0.8954,-0.4677,-0.0000,211.7188,388.5649,0.0059,-0.1631,0.0467,3670.9424,-0.1524,-0.1501,-0.0012,-2.0325,-1.3143,-0.0452,0.0372,-2.3427,-1.2728,-1.0699,-1.8909,-2.1761,-1.9456,-2.0360,951.4645,96.5147,64.5478,-9.6101,260.8690,217.3287,224.3585,200.3959,RFEnsemble
Cyathea smithii,D,0.9153,1.0577,2.0034,6.3652,23.4246,5.5197,174.8717,-37.5724,3.3767,3586.4653,2280.2983,1.7621,-0.1680,0.3550,307.6955,0.9981,0.9194,-1.0000,15.7894,8.1758,0.4496,3.1626,25.2120,7.0051,18.2070,14.0172,18.2293,19.9132,11.8307,1334.0498,213.6924,34.0444,47.4053,489.4423,190.5595,257.1825,414.4131,RFEnsemble
Cyathea smithii,Is,0.1091,9.5644,15.5514,50.5436,305.3425,0.4990,3.0719,3.0216,0.9523,24269.6621,1221.9089,0.6332,0.7126,0.7015,7156.3345,0.1585,0.9466,0.0528,2.1433,1.3366,0.0318,0.3172,2.1985,2.3106,2.0986,1.8816,2.9215,2.0469,2.3602,1102.1334,152.3021,51.1239,8.2170,356.3701,208.6855,286.8118,232.2819,RFEnsemble
Cyathea smithii,Ds,0.0442,2.4165,3.2031,9.9049,22.8676,0.1919,0.5817,1.2259,1.3682,5232.3242,2419.5652,0.5862,0.7965,0.4597,308.5208,0.0609,0.3933,0.0000,0.6169,0.5957,0.0153,0.1023,0.6395,0.8234,0.8339,0.6684,0.7152,0.6087,0.6760,321.2486,43.1744,16.8646,4.9205,100.4009,63.2193,71.3398,84.0631,RFEnsemble
Cyathea smithii,I,1.0166,12.3476,19.7075,62.7349,401.2001,5.1546,173.5265,-40.9083,4.3667,30862.0527,1412.7042,1.4820,-0.0039,-0.0086,3597.6621,0.9871,-0.3232,-0.9983,12.1224,8.8634,0.4512,3.4416,22.6240,2.9997,19.6244,11.1146,13.6209,16.5638,7.7630,1914.9409,297.4945,63.8397,44.2887,666.6550,306.5021,424.1998,508.8958,RFEnsemble
Cyathea smithii,Gr,0.1013,11.2899,17.7041,56.3696,377.7755,-0.3651,-1.3452,-3.3359,0.9900,27275.5879,-867.5941,-0.2801,0.1641,-0.3636,3289.9666,-0.0111,-1.2426,0.0017,-3.6670,0.6876,0.0016,0.2790,-2.5880,-4.0053,1.4174,-2.9026,-4.6084,-3.3494,-4.0676,580.8911,83.8021,29.7953,-3.1166,177.2127,115.9426,167.0173,94.4826,RFEnsemble
Lophozonia menziesii,D,1.0359,16.4014,25.5564,82.4773,678.9405,5.0051,170.0630,-44.3939,4.3371,44923.3828,1419.4224,1.4654,0.0205,-0.0663,6172.5815,0.9728,-0.4206,-0.9996,9.3287,8.9165,0.4370,3.6838,20.4535,0.0506,20.4029,9.2662,9.7912,14.0121,4.5739,1780.0837,270.0725,65.1815,41.5182,602.0938,302.9349,419.3872,426.5146,RFEnsemble
Lophozonia menziesii,Is,0.1108,7.8963,13.0298,41.8999,247.1196,0.3966,1.9562,1.6186,0.6488,25152.2969,1049.6615,0.5799,0.7157,0.6976,3540.7346,0.0908,0.8463,0.0394,1.3178,1.1920,0.0263,0.2309,1.5650,1.4571,1.7698,1.3183,1.7252,1.2583,1.4217,815.0806,112.7995,37.6539,6.7502,262.5627,154.7633,209.6563,176.4105,RFEnsemble
Lophozonia menziesii,Ds,0.1107,11.4276,18.7346,61.4158,405.9701,0.5706,1.9787,1.7174,0.9412,26907.6074,1030.9900,0.6021,0.7260,0.6842,8935.3018,0.2314,0.9073,0.0267,1.4340,1.4913,0.0409,0.4188,1.8985,1.4695,2.3624,1.9191,1.8388,1.3438,1.6329,1145.7169,164.7727,49.0265,8.8543,380.4647,207.8008,282.7952,254.0339,RFEnsemble
Lophozonia menziesii,I,1.0326,11.9403,19.2498,60.6203,415.0569,5.2170,175.2134,-39.6706,4.6624,36316.9922,1331.1807,1.4292,-0.0328,0.0041,2233.8323,0.9957,-0.5330,-0.9991,12.5436,8.8516,0.4493,3.4619,23.0820,3.4057,19.6763,11.1159,14.5546,17.0411,8.1927,1876.8352,291.6478,61.0585,43.8316,656.1469,294.0008,398.0081,523.6879,RFEnsemble
Lophozonia menziesii,Gr,-0.0033,-4.4611,-6.3066,-21.8571,-263.8835,0.2119,5.1504,4.7233,0.3253,-8606.3906,-88.2417,-0.0362,-0.0533,0.0704,-3938.7493,0.0229,-0.1124,0.0005,3.2149,-0.0648,0.0123,-0.2218,2.6285,3.3551,-0.7266,1.8497,4.7633,3.0289,3.6188,96.7515,21.5753,-4.1230,2.3133,54.0531,-8.9341,-21.3792,97.1732,RFEnsemble
Raukaua simplex,D,1.0316,17.5242,26.9974,87.3783,529.7286,4.6060,170.3957,-43.5279,3.9658,21528.5059,1432.9143,1.2982,-0.1061,0.1054,12448.5977,0.9435,-0.8236,-0.9923,10.1456,7.6633,0.4255,3.2813,19.8176,1.8284,17.9893,9.9121,10.5943,14.3742,5.9802,3286.8047,481.0690,124.8725,37.3611,1101.7153,569.3350,802.3915,760.8256,RFEnsemble
Raukaua simplex,Is,0.1033,10.0163,16.7291,54.5063,354.6111,0.4422,2.9346,2.7204,0.7234,25252.0000,1046.8748,0.5728,0.7220,0.6829,4417.7456,0.1502,0.9243,0.0262,2.1240,1.1727,0.0326,0.3038,2.0181,2.2064,1.7561,1.8023,3.1246,1.9637,2.3957,1013.3142,140.3112,47.0966,8.0508,329.0578,189.9568,242.0456,235.3837,RFEnsemble
Raukaua simplex,Ds,0.1325,10.7837,17.4972,57.2989,392.5269,0.3609,3.4116,2.6399,1.0933,22923.1680,1132.0831,0.5129,0.6903,0.7079,13614.4385,0.3315,0.5673,0.1249,1.4907,1.4248,0.0437,0.3626,1.6890,1.5861,2.1516,2.0120,1.9694,1.3799,1.7067,1519.7750,226.5692,65.0954,5.8175,515.2520,274.4785,437.8901,282.0039,RFEnsemble
Raukaua simplex,I,1.0282,13.5423,21.6519,69.0295,537.6169,5.2363,172.8163,-42.0131,4.5914,43625.5234,1356.2142,1.4381,0.0538,-0.0969,2925.0635,0.9883,-0.3816,-0.9993,11.0626,9.1805,0.4478,3.6325,22.1502,1.6414,20.5088,10.4077,12.1874,15.7216,6.4236,1659.0353,257.8745,56.5743,43.6074,573.8576,268.4381,370.4564,433.9528,RFEnsemble
Raukaua simplex,Gr,-0.0034,-3.9819,-5.3454,-18.3488,7.8882,0.6303,2.4206,1.5148,0.6256,22097.0176,-76.7001,0.1399,0.1599,-0.2023,-9523.5342,0.0448,0.4420,-0.0071,0.9170,1.5173,0.0224,0.3512,2.3326,-0.1870,2.5195,0.4956,1.5931,1.3474,0.4434,-1627.7694,-223.1945,-68.2981,6.2463,-527.8577,-300.8969,-431.9351,-326.8729,RFEnsemble
Pseudopanax arboreus,D,1.0523,16.0801,25.1136,81.0439,681.5247,4.7660,172.2296,-41.8062,4.3977,37910.9922,1425.7465,1.3499,-0.0134,0.0951,5797.8906,0.9645,-0.6256,-1.0001,10.3075,8.2634,0.4270,3.5260,20.7941,1.4321,19.3621,9.5334,11.6996,14.8661,5.8415,2560.5791,382.1866,93.3184,39.3773,866.0793,431.9319,574.4349,644.8177,RFEnsemble
Pseudopanax arboreus,Is,0.0957,8.2106,13.2826,42.4136,210.0708,0.3355,2.5819,2.9093,1.1234,23992.0020,1968.9399,0.6841,0.7126,0.6929,2000.4507,0.2139,0.9998,0.0719,1.7471,1.4195,0.0237,0.3854,1.4898,2.4754,2.4468,1.4477,2.6924,1.5543,2.1560,416.8622,59.7237,17.3103,8.3974,141.0719,70.8788,80.3410,131.4575,RFEnsemble
Pseudopanax arboreus,Ds,0.1232,12.0009,19.8107,64.9040,440.0413,0.4818,3.0110,2.7767,0.9763,27967.3750,1090.5865,0.5558,0.7144,0.6931,6978.3584,0.2645,0.7801,0.0099,2.5544,1.2489,0.0379,0.3612,2.4484,2.4932,1.9523,2.4463,3.1200,2.3485,2.8359,1001.6807,146.1103,46.1178,7.5997,330.4366,188.5829,264.4960,205.2172,RFEnsemble
Pseudopanax arboreus,I,0.9870,9.5367,15.6452,49.2711,269.2484,5.5107,173.8781,-40.9422,4.1641,29324.6094,1664.3574,1.6261,0.0070,-0.1095,1322.3492,0.9770,0.0258,-0.9976,12.9077,9.5232,0.4639,3.5303,23.7895,3.2793,20.5104,11.9150,14.3281,17.4355,8.4041,1211.3833,204.6795,33.5801,50.1239,442.8349,176.4965,258.0316,345.4107,RFEnsemble
Pseudopanax arboreus,Gr,-0.0653,-6.5434,-9.4684,-31.7728,-412.2763,0.7447,1.6486,0.8640,-0.2336,-8586.3828,238.6110,0.2762,0.0204,-0.2045,-4475.5415,0.0125,0.6514,0.0025,2.6002,1.2598,0.0369,0.0043,2.9955,1.8472,1.1484,2.3815,2.6286,2.5694,2.5627,-1349.1958,-177.5071,-59.7382,10.7466,-423.2444,-255.4354,-316.4033,-299.4070,RFEnsemble
Elaeocarpus dentatus,D,1.0089,9.1934,15.0623,47.2898,288.1632,5.3961,175.2538,-38.9560,4.3433,29474.1816,1505.6476,1.4983,0.0075,-0.0108,1228.3137,0.9927,-0.1075,-0.9996,13.6105,9.0324,0.4594,3.3978,24.0753,4.4184,19.6569,12.1162,15.6611,18.0234,9.3439,1440.2274,237.9114,40.0114,47.8911,525.4096,209.1212,296.5933,428.3175,RFEnsemble
Elaeocarpus dentatus,Is,0.1156,10.3609,16.5223,53.5460,310.0516,0.4090,2.6719,1.8951,0.9075,19547.2539,988.6152,0.5444,0.7063,0.6962,3925.3867,0.0988,0.7080,0.0000,1.2594,1.1180,0.0292,0.2611,1.3363,1.4603,1.7002,1.7584,1.9036,1.1348,1.4224,908.5880,137.6935,44.2809,6.4018,303.8373,173.8425,269.7185,170.1461,RFEnsemble
Elaeocarpus dentatus,Ds,0.1022,6.8735,11.2545,35.8099,229.8413,0.3002,1.5057,2.0499,0.9476,25196.8398,1363.6191,0.6326,0.7117,0.7023,1748.7635,0.1236,0.9942,0.0392,1.7354,1.1665,0.0221,0.2940,1.5049,2.1594,1.9544,1.6759,1.9257,1.5345,2.0127,286.3155,46.1202,12.2826,6.6304,101.8328,48.7458,61.2320,89.8295,RFEnsemble
Elaeocarpus dentatus,I,1.0097,13.8402,21.5447,69.0935,426.4581,4.6762,172.8668,-41.2790,4.4800,21846.0156,1161.1775,1.2942,-0.1069,0.0702,3651.4219,0.9951,-0.7063,-1.0000,11.6632,8.4759,0.4448,3.3487,21.7151,2.6482,19.0669,10.8817,13.0703,16.0010,7.4224,3208.2949,473.0540,117.6366,38.1233,1079.6908,543.5490,721.8325,800.6742,RFEnsemble
Elaeocarpus dentatus,Gr,0.0009,4.6467,6.4823,21.8037,138.2948,-0.7199,-2.3870,-2.3230,0.1367,-7628.1660,-344.4701,-0.2041,-0.1144,0.0809,2423.1082,0.0024,-0.5987,-0.0004,-1.9473,-0.5565,-0.0146,-0.0491,-2.3602,-1.7702,-0.5899,-1.2345,-2.5908,-2.0224,-1.9216,1768.0675,235.1426,77.6252,-9.7677,554.2812,334.4278,425.2392,372.3567,RFEnsemble
Olearia rani,D,1.0151,10.6936,17.3210,54.4405,389.4706,5.3366,175.3255,-39.8156,4.6097,39673.0742,1341.3638,1.5106,-0.0260,0.0165,1644.4954,0.9944,-0.4697,-0.9996,12.6191,9.2831,0.4568,3.5342,23.5091,3.1829,20.3263,11.1649,14.6833,17.2020,8.1670,1510.3909,243.5112,44.9031,46.2044,538.0645,226.7482,313.6816,433.8246,RFEnsemble
Olearia rani,Is,0.1131,6.8377,10.9979,35.1494,207.1677,0.3546,1.5290,1.7524,1.0699,9871.1641,2192.5452,0.6851,0.7004,0.7134,1752.7529,0.2073,0.8382,0.0000,1.5898,1.0743,0.0300,0.1842,1.6948,1.6621,1.4545,1.6609,1.5731,1.4931,1.7241,480.8938,65.1655,24.4432,6.9762,151.2788,92.4750,105.1961,125.2067,RFEnsemble
Olearia rani,Ds,0.1021,7.7107,12.5204,40.0294,234.8679,0.3712,1.5225,1.4788,0.7613,24269.0410,1125.4359,0.6087,0.7170,0.6964,2378.9668,0.1048,0.8828,0.0247,1.2987,1.0132,0.0201,0.2181,1.4244,1.4439,1.5777,1.3304,1.4188,1.2341,1.4128,384.6504,54.4523,17.1216,6.8530,124.8590,69.1028,80.6367,105.1301,RFEnsemble
Olearia rani,I,1.0133,8.4158,13.6852,43.0959,170.8255,5.3342,174.6711,-36.8633,3.8060,8394.7090,1948.3329,1.4002,-0.0245,-0.0014,1177.1191,0.9783,0.5453,-1.0000,15.2726,7.9764,0.4555,3.0330,24.4916,7.0105,17.4811,13.6111,17.4767,19.2484,11.5171,1683.0328,276.2232,47.3258,48.4727,622.5671,242.2475,338.4077,523.0627,RFEnsemble
Olearia rani,Gr,-0.0018,-2.2779,-3.6358,-11.3446,-218.6451,-0.0024,-0.6544,2.9522,-0.8037,-31278.3652,606.9691,-0.1104,0.0015,-0.0179,-467.3762,-0.0161,1.0150,-0.0004,2.6535,-1.3067,-0.0013,-0.5013,0.9824,3.8276,-2.8452,2.4461,2.7933,2.0465,3.3501,172.6420,32.7120,2.4227,2.2683,84.5026,15.4993,24.7261,89.2382,RFEnsemble
Aristotelia serrata,D,0.9823,7.7934,12.5372,39.4461,261.0893,5.2993,174.6243,-39.6190,4.2691,26904.6250,1308.4159,1.6041,0.0065,0.0405,2236.8950,0.9877,-0.1192,-1.0000,13.3420,9.1703,0.4614,3.4196,23.8410,3.9609,19.8804,12.0944,15.0991,17.7670,9.0239,1910.0531,306.2440,58.1298,47.1891,680.0579,292.6528,416.3781,523.1261,RFEnsemble
Aristotelia serrata,Is,0.1056,9.3254,16.1014,53.5823,375.5122,0.5492,2.4883,2.1499,0.7390,26613.7148,1238.4001,0.5463,0.7258,0.6871,5459.9727,0.2299,0.8223,0.0451,1.8318,1.4822,0.0385,0.3564,2.0011,1.9454,2.2131,1.9754,2.4755,1.6968,2.0521,1144.0085,158.8602,51.9750,9.4213,371.4243,213.1435,268.1595,261.5157,RFEnsemble
Aristotelia serrata,Ds,0.1029,7.2254,11.5738,36.7334,209.7385,0.4085,2.5402,2.4003,1.0816,23226.1719,1225.1045,0.6654,0.7235,0.6891,5307.2061,0.1586,0.9929,0.0269,1.6462,1.1468,0.0224,0.2982,1.6434,2.0173,1.9282,1.4351,2.3659,1.5368,1.8744,1065.5281,148.6965,48.0021,8.1354,345.8136,200.7503,288.1958,212.9445,RFEnsemble
Aristotelia serrata,I,1.0667,21.2246,33.5165,108.0986,766.6578,4.9850,171.2091,-43.4223,4.5096,45311.7539,1563.8669,1.3587,0.0154,-0.0301,5025.3345,0.9733,-0.5691,-0.9991,9.4782,8.5920,0.4254,3.7125,20.5414,0.3799,20.1614,9.1201,10.2638,14.2279,4.7196,1840.3732,278.4448,69.3234,41.5381,623.1124,313.2732,419.7694,456.6309,RFEnsemble
Aristotelia serrata,Gr,0.0844,13.4313,20.9793,68.6526,505.5686,-0.3143,-3.4152,-3.8033,0.2405,18407.1289,255.4510,-0.2454,0.0089,-0.0706,2788.4395,-0.0144,-0.4499,0.0009,-3.8638,-0.5783,-0.0361,0.2929,-3.2996,-3.5811,0.2811,-2.9743,-4.8353,-3.5391,-4.3043,-69.6799,-27.7993,11.1936,-5.6511,-56.9454,20.6204,3.3913,-66.4952,RFEnsemble
Dacrydium cupressinum,D,1.0362,9.7122,15.6236,49.5098,229.4650,5.3162,173.3082,-39.7933,3.9220,11765.4951,2556.5747,1.3295,0.0264,0.1056,2068.0593,0.9670,0.3006,-0.9998,13.6927,7.4124,0.4415,3.0069,22.6699,5.8625,16.8074,12.3822,15.4164,17.6025,9.9425,1341.1511,217.6906,38.9848,46.7889,487.8858,198.8114,277.9983,399.5803,RFEnsemble
Dacrydium cupressinum,Is,0.1044,9.7443,15.5875,50.2607,282.7396,0.5086,2.8856,2.6507,1.0350,22540.4316,1115.2485,0.6330,0.7223,0.6899,6531.0430,0.1346,0.9505,0.0408,1.8254,1.2103,0.0270,0.2939,1.9385,1.9570,1.9130,1.6822,2.5268,1.7526,2.0106,1073.3198,149.4784,48.6712,8.3949,348.3878,201.4170,277.8233,229.4364,RFEnsemble
Dacrydium cupressinum,Ds,0.1131,5.9821,9.6808,31.1644,263.0027,0.4424,2.6325,4.1873,1.0800,20829.6895,2687.0503,0.6120,0.6974,0.7084,4189.4790,0.2549,0.9537,0.0211,2.7603,0.8509,0.0254,0.2537,2.3987,2.9652,1.4027,2.3786,3.3750,2.6492,3.0017,245.4706,35.3735,13.6928,7.5733,84.1881,50.1419,58.3422,81.1630,RFEnsemble
Dacrydium cupressinum,I,0.9929,10.9134,17.3966,55.2886,369.0571,5.1590,173.7002,-40.8081,4.3909,31732.9844,1282.6044,1.5439,-0.0277,-0.0386,3125.0173,0.9909,-0.3103,-0.9991,12.2842,9.3156,0.4581,3.5194,23.0881,2.7495,20.3387,11.2591,13.8566,16.8182,7.8109,1971.7515,308.2765,64.5208,44.9718,687.4453,313.7527,434.9254,521.6425,RFEnsemble
Dacrydium cupressinum,Gr,-0.0433,1.2012,1.7729,5.7788,139.5921,-0.1572,0.3920,-1.0148,0.4688,19967.4883,-1273.9703,0.2144,-0.0541,-0.1442,1056.9580,0.0239,-0.6109,0.0007,-1.4085,1.9032,0.0165,0.5125,0.4182,-3.1130,3.5312,-1.1231,-1.5598,-0.7843,-2.1316,630.6003,90.5859,25.5360,-1.8171,199.5595,114.9413,156.9271,122.0622,RFEnsemble
Leptospermum scoparium,D,0.9938,7.3114,11.8627,37.0811,198.1725,5.3579,174.9215,-38.6709,4.0695,19566.0840,1579.6581,1.6250,-0.0453,0.0124,1939.1703,0.9790,0.1968,-1.0000,14.1389,8.7656,0.4616,3.2594,24.1574,5.1760,18.9815,12.6478,16.1812,18.3745,10.0515,1658.8679,270.0283,47.5696,47.3758,602.1821,244.0598,342.9522,490.9862,RFEnsemble
Leptospermum scoparium,Is,0.1065,11.1382,18.1307,59.3057,368.9718,0.5587,2.4155,2.0138,0.9004,27366.0469,1397.2975,0.5998,0.7129,0.6951,6754.8452,0.2569,0.9440,0.0002,1.7814,1.6149,0.0392,0.3594,2.0975,1.8044,2.3954,1.8909,2.5826,1.7079,1.9496,1298.5408,180.0788,57.4533,10.8680,423.1479,240.4830,327.7081,284.0568,RFEnsemble
Leptospermum scoparium,Ds,0.1055,5.4610,8.6836,27.0196,164.3792,0.3262,2.3055,2.5903,1.1429,19785.2461,1772.5492,0.6815,0.7180,0.6945,6395.1113,0.2037,0.9804,0.0000,1.5914,1.1604,0.0225,0.2803,1.7951,1.8145,1.9072,1.4578,1.9466,1.5913,1.7131,467.4352,67.4220,22.1187,7.4692,152.5031,89.1630,115.2030,117.7370,RFEnsemble
Leptospermum scoparium,I,1.0260,15.1187,23.8132,76.7178,607.3923,5.1755,171.3955,-43.3597,4.4116,43503.1602,1547.4187,1.4804,0.0656,-0.0659,4480.8984,0.9663,-0.3299,-0.9998,10.2255,9.3434,0.4422,3.7671,21.5964,0.5303,21.0662,10.0052,10.7911,15.0203,5.3660,1684.7662,262.3676,59.5496,45.4422,579.5064,279.2631,394.0574,412.1013,RFEnsemble
Leptospermum scoparium,Gr,0.0322,7.8074,11.9505,39.6367,409.2199,-0.1824,-3.5260,-4.6888,0.3421,23937.0762,-32.2394,-0.1446,0.1109,-0.0783,2541.7280,-0.0127,-0.5267,0.0001,-3.9134,0.5777,-0.0194,0.5077,-2.5610,-4.6456,2.0847,-2.6426,-5.3900,-3.3542,-4.6855,25.8983,-7.6607,11.9801,-1.9336,-22.6757,35.2033,51.1052,-78.8849,RFEnsemble
Coprosma linariifolia,D,1.0178,9.1406,14.4732,45.9393,417.3599,5.3583,172.9172,-41.6829,4.3293,37873.4492,1446.4725,1.5731,0.0196,-0.0101,1955.2797,0.9854,-0.1189,-1.0001,11.8321,9.2208,0.4539,3.5720,22.7444,2.3992,20.3453,11.1465,12.9445,16.4038,7.2615,1378.2565,224.5654,41.6718,46.7333,492.8934,209.9457,301.8876,379.5938,RFEnsemble
Coprosma linariifolia,Is,0.1112,7.2246,13.7469,46.7335,369.3496,0.4192,2.4562,1.8006,0.5717,21837.0566,1074.9344,0.5428,0.7241,0.6887,5265.2305,0.2625,0.3863,0.0000,1.9004,1.2009,0.0319,0.2585,2.0613,1.7676,1.7393,1.9202,2.6107,1.7893,2.0386,1297.2366,177.7634,63.9969,6.2640,417.3054,251.2980,351.0492,250.7068,RFEnsemble
Coprosma linariifolia,Ds,0.1058,7.2596,11.4164,36.7403,318.2846,0.3991,3.1030,3.2708,0.9463,29064.1211,1163.9451,0.6490,0.7330,0.6799,3178.3308,0.1704,0.9930,0.0001,2.3359,1.2652,0.0267,0.4345,1.9198,2.8634,2.3458,1.8450,3.4293,2.0880,2.7869,554.0381,84.5013,21.4700,9.1284,192.3144,93.3206,116.0459,164.0974,RFEnsemble
Coprosma linariifolia,I,1.0698,25.8258,41.1881,132.8893,809.9966,4.5937,172.5835,-41.7747,4.7146,38049.1797,1486.9565,1.3473,-0.0303,-0.0193,6765.2666,0.9649,-0.9224,-1.0000,9.8217,8.3236,0.4212,3.6327,20.5787,0.8280,19.7507,9.0208,11.2571,14.5262,5.2231,2975.0930,427.0597,120.2609,36.4360,982.1439,522.8091,672.6474,725.5447,RFEnsemble
Coprosma linariifolia,Gr,0.0521,16.6852,26.7149,86.9500,392.6367,-0.7646,-0.3337,-0.0918,0.3853,175.7305,40.4840,-0.2258,-0.0498,-0.0092,4809.9868,-0.0205,-0.8035,0.0001,-2.0104,-0.8972,-0.0327,0.0606,-2.1657,-1.5712,-0.5946,-2.1257,-1.6874,-1.8777,-2.0384,1596.8365,202.4942,78.5890,-10.2973,489.2504,312.8634,370.7598,345.9510,RFEnsemble
Fuchsia excorticata,D,1.0431,14.5320,22.7091,73.0655,519.7375,5.0218,170.1060,-44.3805,4.0123,30451.4160,1534.5159,1.4799,0.0177,-0.0483,7948.6855,0.9612,-0.3456,-0.9962,9.9077,8.0166,0.4305,3.3777,19.9820,1.4405,18.5416,9.9075,10.1140,14.2123,5.5736,2089.6245,305.9301,80.1784,38.7910,698.2718,362.9082,508.4962,500.7157,RFEnsemble
Fuchsia excorticata,Is,0.0980,9.2547,15.1695,49.1553,311.1884,0.4458,2.1009,2.4553,1.0671,24327.0938,1344.5327,0.6555,0.7160,0.6980,3151.9839,0.1936,0.9983,0.0000,2.1776,1.1879,0.0242,0.3424,1.7151,2.6757,2.0476,1.9430,2.5998,1.8876,2.5640,782.0113,108.7821,36.2659,8.3367,252.7544,147.3702,188.4151,174.4917,RFEnsemble
Fuchsia excorticata,Ds,0.1202,11.1880,18.4182,60.1241,394.7515,0.5533,2.9812,2.4572,1.0315,28040.9844,1196.2705,0.6169,0.7147,0.6976,12299.7500,0.2755,0.9384,0.0862,1.6315,1.6856,0.0511,0.3836,1.8281,1.8203,2.3829,1.8779,2.2974,1.4596,1.9147,1488.7714,213.1080,61.8773,7.3175,495.6214,268.4458,391.8503,322.3026,RFEnsemble
Fuchsia excorticata,I,0.9861,9.7116,15.8167,50.2182,328.5415,5.3382,174.4167,-39.8898,4.2896,32142.7012,1411.9684,1.5698,0.0081,-0.0039,1801.2640,0.9811,-0.0577,-1.0000,13.0374,9.5420,0.4619,3.5569,24.0047,3.3321,20.6731,11.7526,14.8951,17.6264,8.5263,1593.5188,261.9847,46.4096,48.9907,574.5265,238.5551,336.9667,446.7382,RFEnsemble
Fuchsia excorticata,Gr,-0.0571,-4.8204,-6.8925,-22.8474,-191.1960,0.3163,4.3108,4.4907,0.2773,1691.2852,-122.5475,0.0898,-0.0096,0.0444,-6147.4214,0.0199,0.2880,-0.0038,3.1298,1.5254,0.0314,0.1792,4.0227,1.8917,2.1315,1.8451,4.7811,3.4141,2.9526,-496.1057,-43.9454,-33.7688,10.1997,-123.7453,-124.3531,-171.5295,-53.9775,RFEnsemble
Podocarpus laetus,D,1.0725,24.9542,38.8213,125.9576,955.2481,4.6488,169.4388,-44.2973,4.3783,41441.8516,1562.6021,1.4123,0.0590,0.0040,10583.1396,0.9590,-0.8804,-0.9998,8.1588,7.7468,0.4007,3.7048,18.9377,-0.4286,19.3662,8.2528,8.1304,12.9156,3.4229,3393.8118,487.1788,141.0019,36.4252,1119.7498,609.2761,825.2591,764.7465,RFEnsemble
Podocarpus laetus,Is,0.1068,8.4497,13.7203,44.1790,270.2748,0.4292,2.6671,2.9264,0.9434,23953.9629,1255.4581,0.6590,0.7059,0.7076,4335.9209,0.1829,0.9909,0.0383,1.9565,1.3027,0.0266,0.3295,1.7938,2.4055,2.1431,1.7560,2.6697,1.7928,2.2601,753.0438,107.9205,31.7571,7.9243,248.7286,136.0466,179.6776,185.3319,RFEnsemble
Podocarpus laetus,Ds,0.1023,9.4251,17.7043,58.8889,334.8789,0.3851,1.7445,1.3958,0.9086,26874.4805,1030.1865,0.5016,0.7406,0.6694,8842.6191,0.2833,0.4742,0.0215,1.2689,1.1286,0.0327,0.3649,1.5759,1.2905,1.9336,1.7217,1.6383,1.1966,1.4610,1785.6891,242.1011,88.7310,7.8800,576.8433,340.3541,472.1247,360.6910,RFEnsemble
Podocarpus laetus,I,1.0047,10.2453,16.5604,52.4088,332.8907,5.3068,173.9908,-40.4025,4.3581,29809.6484,1395.6890,1.5464,-0.0178,-0.0250,2023.9407,0.9836,-0.1356,-0.9998,12.7183,9.0819,0.4575,3.4431,23.2777,3.4387,19.8385,11.6095,14.3456,17.1587,8.3545,1631.1918,261.5618,49.9123,46.3796,580.0883,249.8108,349.5393,455.0914,RFEnsemble
Podocarpus laetus,Gr,-0.0678,-14.7090,-22.2609,-73.5488,-622.3574,0.6580,4.5520,3.8948,-0.0202,-11632.2031,-166.9131,0.1341,-0.0768,-0.0290,-8559.1992,0.0246,0.7448,0.0000,4.5595,1.3351,0.0568,-0.2617,4.3399,3.8673,0.4723,3.3566,6.2152,4.2431,4.9316,-1762.6200,-225.6170,-91.0896,9.9544,-539.6615,-359.4652,-475.7198,-309.6551,RFEnsemble
Coprosma foetidissima,D,1.0455,18.7088,29.9261,96.6485,577.7259,4.8634,171.4481,-42.8674,4.3216,30460.7598,1669.9982,1.2529,-0.0257,0.0117,9308.2217,0.9569,-0.6735,-0.9905,10.2924,8.0981,0.4313,3.3810,20.4438,1.7397,18.7042,9.4907,11.6601,14.6498,6.0065,2233.7988,327.7969,83.2726,38.6164,749.0701,380.9993,514.2464,556.6553,RFEnsemble
Coprosma foetidissima,Is,0.1181,10.1223,16.5027,53.6274,321.3699,0.4821,3.1415,2.7654,0.8318,23734.8887,1022.1180,0.5914,0.7078,0.7060,5322.5913,0.1297,0.9175,0.0001,1.9664,1.1396,0.0296,0.2849,1.8108,2.1370,1.7109,1.6073,3.1930,1.8023,2.2325,1474.1604,200.3389,70.9338,8.1571,472.3042,283.2231,381.0087,303.9697,RFEnsemble
Coprosma foetidissima,Ds,0.1089,10.4006,17.4894,57.6740,439.1545,0.4997,3.2229,2.8721,0.9699,28013.1484,1302.3035,0.5143,0.7256,0.6876,12346.5322,0.2901,0.7392,0.1366,2.0619,1.6373,0.0465,0.3812,2.3422,2.1944,2.4931,2.0633,2.5962,1.9514,2.2636,1213.2448,176.4804,50.3905,5.8794,408.5952,219.5032,341.6877,244.4068,RFEnsemble
Coprosma foetidissima,I,1.0358,11.6398,18.2217,57.7962,480.1373,5.1304,173.3008,-41.3418,4.4999,34941.8945,1355.3124,1.5137,-0.0176,-0.0140,2946.6008,0.9915,-0.3977,-0.9999,11.5718,8.8329,0.4458,3.5168,22.1973,2.3783,19.8189,10.9336,12.5561,16.0991,7.1000,2248.7805,343.3409,79.6228,43.0894,773.2475,370.9668,514.8184,570.0616,RFEnsemble
Coprosma foetidissima,Gr,-0.0097,-7.0690,-11.7044,-38.8523,-97.5886,0.2670,1.8527,1.5255,0.1783,4481.1348,-314.6858,0.2608,0.0080,-0.0257,-6361.6211,0.0346,0.2758,-0.0094,1.2794,0.7348,0.0145,0.1358,1.7534,0.6386,1.1147,1.4430,0.8959,1.4493,1.0935,14.9817,15.5440,-3.6497,4.4730,24.1774,-10.0325,0.5720,13.4062,RFEnsemble
Leucopogon fasciculatus,D,0.9671,6.4224,10.5203,33.1754,210.4498,5.4694,174.7492,-39.5306,4.2146,28735.5371,2143.5125,1.6614,-0.0847,0.2003,1234.7516,0.9542,0.1506,-1.0000,13.7026,9.5828,0.4663,3.5023,24.5324,3.9726,20.5600,12.5084,15.4130,18.2206,9.2618,1344.4972,222.2330,36.3158,48.4131,489.1367,194.5902,281.4142,391.0266,RFEnsemble
Leucopogon fasciculatus,Is,0.1149,9.7879,15.7451,51.3626,361.1824,0.5171,2.7701,2.7875,0.8465,25620.1660,1098.8665,0.6326,0.7312,0.6798,3803.0278,0.1475,0.8765,0.0001,2.2818,1.3095,0.0306,0.3601,2.0152,2.6635,2.1731,2.1898,2.6951,2.0360,2.6287,814.2311,114.7739,36.8534,8.4603,264.2875,152.3524,195.6049,190.0112,RFEnsemble
Leucopogon fasciculatus,Ds,0.0863,6.3504,10.2314,32.6699,232.4418,0.2762,2.1845,2.6176,1.1064,24400.7207,2702.1633,0.6046,0.6554,0.7232,3119.6316,0.2991,0.9886,0.0000,1.9652,1.1546,0.0213,0.3390,1.7056,2.2960,2.0023,1.3918,2.9223,1.7938,2.2938,378.8507,57.8875,14.7032,7.6817,131.5995,61.3130,73.1800,119.9777,RFEnsemble
Leucopogon fasciculatus,I,1.0466,14.7884,23.2568,74.1961,546.2730,5.0345,173.3562,-41.0212,4.5240,35976.6953,1404.1888,1.4177,0.0092,-0.0561,3195.3748,0.9891,-0.4816,-1.0001,11.4350,8.7342,0.4426,3.5174,22.0592,2.3265,19.7328,10.3638,13.1119,15.9759,6.9776,1903.4299,296.9474,63.5445,43.9045,662.0151,305.0946,411.4611,511.2844,RFEnsemble
Leucopogon fasciculatus,Gr,0.0795,8.3660,12.7365,41.0207,335.8232,-0.4349,-1.3930,-1.4906,0.3093,7241.1582,-739.3236,-0.2438,0.0939,-0.2564,1960.6232,0.0349,-0.6322,-0.0001,-2.2677,-0.8486,-0.0237,0.0150,-2.4732,-1.6461,-0.8272,-2.1447,-2.3011,-2.2446,-2.2842,558.9327,74.7144,27.2288,-4.5086,172.8784,110.5044,130.0469,120.2578,RFEnsemble
Carpodetus serratus,D,0.9849,8.0157,13.0077,40.7991,199.1705,5.3749,173.9325,-40.1209,4.0884,20333.7227,1570.0615,1.5953,-0.0441,-0.0086,2183.3076,0.9863,0.0798,-0.9994,13.5071,9.0044,0.4637,3.3254,23.7606,4.3516,19.4088,12.3382,15.1428,17.7993,9.3007,1600.6295,260.4048,46.9777,47.9329,575.9429,240.8923,344.3896,450.1282,RFEnsemble
Carpodetus serratus,Is,0.1059,10.8872,18.4583,60.9247,307.9901,0.4979,2.9337,2.3271,0.6618,23342.3145,1021.2224,0.5533,0.7270,0.6853,5285.6055,0.2420,0.6113,0.0141,1.5906,1.3049,0.0318,0.2829,1.7078,1.7353,1.9444,1.6689,2.4207,1.4801,1.7827,1342.0055,180.1511,66.0485,8.3062,429.1922,257.3976,337.3988,288.0456,RFEnsemble
Carpodetus serratus,Ds,0.0995,6.1413,9.8022,30.8653,152.6217,0.4145,2.7512,3.2185,1.0912,19904.9316,1545.2173,0.6785,0.7076,0.7051,6418.4609,0.1665,0.9968,0.0409,1.7939,1.2783,0.0232,0.3251,1.8896,2.1889,2.1560,1.4518,2.6212,1.7698,2.0069,809.1107,116.3312,33.4669,8.3113,267.5085,147.2905,207.8251,183.0964,RFEnsemble
Carpodetus serratus,I,1.0769,20.9957,33.1130,106.9917,861.6811,4.8514,172.3495,-42.2566,4.6665,49186.1250,1407.7830,1.3612,0.0336,-0.0273,5747.5298,0.9704,-0.7915,-1.0000,9.4031,8.4798,0.4212,3.7192,20.4306,0.3291,20.1015,8.7496,10.5896,14.1966,4.6734,2257.4836,333.8315,87.0371,39.7914,757.7461,386.8484,510.2785,562.3456,RFEnsemble
Carpodetus serratus,Gr,0.0920,12.9800,20.1053,66.1927,662.5106,-0.5234,-1.5830,-2.1357,0.5781,28852.4023,-162.2786,-0.2340,0.0777,-0.0188,3564.2222,-0.0159,-0.8713,-0.0006,-4.1040,-0.5246,-0.0425,0.3938,-3.3299,-4.0224,0.6926,-3.5886,-4.5531,-3.6027,-4.6273,656.8541,73.4266,40.0593,-8.1415,181.8032,145.9561,165.8889,112.2174,RFEnsemble
Fuscospora cliffortioides,D,1.0474,16.8964,26.3597,84.8326,673.7527,4.8484,171.8744,-42.4872,4.5348,43853.4414,1434.4281,1.3959,-0.0442,0.0096,6452.3760,0.9620,-0.6856,-0.9992,10.0625,8.6019,0.4328,3.6038,20.8866,0.9952,19.8914,9.3812,11.3038,14.7010,5.4743,2209.6047,327.9905,81.8962,39.5324,743.1188,375.2039,501.3184,552.3522,RFEnsemble
Fuscospora cliffortioides,Is,0.1029,8.1129,13.0101,41.6481,287.1122,0.3242,2.5393,2.2582,0.8077,23818.1367,1176.3259,0.5910,0.6769,0.7056,3931.1782,0.1236,0.9985,0.0212,1.5891,1.5546,0.0339,0.3561,1.8066,2.0336,2.4001,1.4757,2.6754,1.4864,1.8736,599.4770,80.3142,27.6591,9.0419,193.7044,111.2344,136.9389,162.7738,RFEnsemble
Fuscospora cliffortioides,Ds,0.1097,10.8675,17.8934,58.7604,367.9503,0.4985,3.0968,2.6944,0.8454,26434.4180,1034.9254,0.5798,0.7306,0.6813,8702.4561,0.2734,0.7280,0.0427,1.8894,1.2176,0.0337,0.3511,2.0882,1.8180,1.9650,1.8295,2.6217,1.8104,2.0877,1163.8312,164.0309,52.9173,7.0154,380.8023,217.3221,299.8542,245.8205,RFEnsemble
Fuscospora cliffortioides,I,0.9996,9.2324,15.0607,47.5496,365.8658,5.5358,173.1803,-42.2466,4.4248,36237.4805,1397.8130,1.5840,0.1933,-0.0809,1504.7576,0.9922,-0.0541,-0.9997,11.9134,9.9711,0.4635,3.7029,23.3424,1.8809,21.4614,11.2785,12.8481,16.6315,7.1479,1112.6980,189.2993,32.4282,51.0352,404.4568,165.6268,246.7554,303.0314,RFEnsemble
Fuscospora cliffortioides,Gr,-0.0478,-7.6640,-11.2990,-37.2830,-307.8869,0.6874,1.3059,0.2407,-0.1100,-7615.9609,-36.6151,0.1881,0.2375,-0.0905,-4947.6182,0.0303,0.6315,-0.0005,1.8510,1.3692,0.0307,0.0991,2.4559,0.8857,1.5700,1.8973,1.5443,1.9305,1.6736,-1096.9067,-138.6912,-49.4680,11.5029,-338.6620,-209.5770,-254.5630,-249.3208,RFEnsemble
Brachyglottis repanda,D,1.0194,11.1484,17.8468,56.2770,402.1759,5.1433,175.3227,-39.1050,4.6491,34657.9141,1262.1995,1.5332,-0.0004,0.0019,2139.1106,0.9953,-0.4028,-0.9998,12.7869,9.1128,0.4547,3.4941,23.4495,3.4044,20.0450,11.2710,15.0148,17.3222,8.3875,1976.1228,309.4466,62.5320,44.1308,694.8714,304.3594,408.4322,563.8151,RFEnsemble
Brachyglottis repanda,Is,0.1061,8.0480,12.9760,42.0869,252.4418,0.3555,1.6191,2.3493,1.0198,21222.8867,2339.1252,0.6407,0.7093,0.7008,1976.5271,0.2820,0.9658,0.0338,1.8278,1.2962,0.0262,0.2955,1.6123,2.2679,2.1018,1.8195,2.0540,1.6445,2.1035,279.4675,41.7341,12.8030,6.9587,98.3069,49.2141,56.7827,92.4192,RFEnsemble
Brachyglottis repanda,Ds,0.1134,8.0650,13.1122,42.0656,262.6588,0.4290,1.8824,1.5818,0.7101,24111.8457,1019.5740,0.6273,0.7159,0.6982,3000.4983,0.0961,0.9153,0.0195,1.6724,1.0896,0.0245,0.2478,1.7356,1.7731,1.7020,1.6739,1.6845,1.5637,1.8229,462.4783,61.4758,24.8987,7.2571,143.6089,92.8568,98.2993,120.5017,RFEnsemble
Brachyglottis repanda,I,1.0162,11.5299,18.7527,59.3631,272.8050,5.4554,174.7898,-40.1468,4.1532,19497.3672,2028.7424,1.4595,-0.0754,0.0110,1544.0663,0.9594,-0.2594,-0.9994,13.3972,8.1584,0.4436,3.2584,23.2512,4.8975,18.3536,11.9389,15.3814,17.6297,9.3131,1253.6962,209.2422,35.7929,48.3123,459.3537,182.3313,253.6938,374.9513,RFEnsemble
Brachyglottis repanda,Gr,-0.0032,0.3815,0.9059,3.0861,-129.3709,0.3121,-0.5329,-1.0419,-0.4960,-15160.5469,766.5430,-0.0737,-0.0751,0.0091,-595.0443,-0.0359,0.1434,0.0003,0.6103,-0.9544,-0.0111,-0.2357,-0.1983,1.4931,-1.6914,0.6680,0.3666,0.3075,0.9256,-722.4266,-100.2044,-26.7390,4.1815,-235.5177,-122.0282,-154.7383,-188.8639,RFEnsemble
Rubus cissoides,D,1.0142,12.4929,19.8975,63.5087,451.4954,5.2194,172.6805,-41.6493,4.3087,34532.3945,1522.4333,1.5192,0.0147,-0.0135,3404.2449,0.9759,-0.2061,-1.0010,11.6479,9.0650,0.4503,3.5423,22.4418,2.3169,20.1250,10.9191,12.8089,16.1946,7.1290,1728.0090,271.0694,57.5208,45.2245,603.0638,276.8245,388.0910,452.2335,RFEnsemble
Rubus cissoides,Is,0.0934,10.8247,18.1777,59.4891,239.7738,0.4199,2.2115,1.7527,0.7086,14338.0781,768.1031,0.5647,0.7026,0.6395,2523.5129,0.2413,0.8624,0.0000,1.4661,0.9093,0.0238,0.2382,1.4657,1.6474,1.5009,1.2458,2.0881,1.3653,1.6162,1270.5791,198.4272,46.0751,5.0871,439.0105,214.0961,284.1966,311.3622,RFEnsemble
Rubus cissoides,Ds,0.1092,10.1347,16.4776,53.6791,379.6202,0.4974,2.9740,3.1705,0.9882,26916.3535,1423.3619,0.6405,0.7136,0.7002,6017.0938,0.2243,0.9783,0.0300,2.5336,1.4106,0.0350,0.3879,2.3529,2.7840,2.2676,2.1991,3.4347,2.3225,2.8815,1078.3315,149.4009,49.2853,9.2652,349.8161,202.4447,275.8404,234.6465,RFEnsemble
Rubus cissoides,I,1.1057,16.0353,25.2131,81.1006,671.7193,4.8762,175.0759,-39.8339,4.3725,32545.8848,1122.4398,1.4802,0.2584,-0.1751,2247.0879,0.9705,-0.5062,-1.0000,11.0515,7.6614,0.4201,3.3758,20.9799,2.7249,18.2550,9.5133,13.2629,15.4646,6.8429,3386.0000,510.9743,118.6184,40.0333,1169.9216,540.5273,691.4844,930.1605,RFEnsemble
Rubus cissoides,Gr,0.0914,3.5425,5.3156,17.5920,220.2239,-0.3432,2.3953,1.8154,0.0638,-1986.5098,-399.9935,-0.0391,0.2437,-0.1616,-1157.1570,-0.0055,-0.3001,0.0010,-0.5964,-1.4036,-0.0301,-0.1665,-1.4619,0.4079,-1.8701,-1.4058,0.4540,-0.7300,-0.2861,1657.9910,239.9049,61.0976,-5.1912,566.8578,263.7028,303.3934,477.9270,RFEnsemble
Coprosma robusta,D,0.9907,8.2382,13.6027,42.5885,188.8300,5.3856,175.3290,-37.8305,4.0917,20038.7363,1663.1666,1.6022,-0.0295,0.0412,1132.6832,0.9769,0.2430,-0.9978,14.6078,8.9717,0.4639,3.3031,24.7826,5.4565,19.3262,12.9981,16.8059,18.9055,10.4700,1635.6681,268.0399,45.4295,48.0996,598.0794,236.4531,331.6388,492.7288,RFEnsemble
Coprosma robusta,Is,0.1019,9.7794,15.4076,50.0094,373.0008,0.5041,2.5860,2.2068,1.0096,26586.0605,1364.8782,0.6392,0.7088,0.6926,4095.2329,0.1890,0.9878,0.0242,1.5879,1.3153,0.0323,0.3687,1.7792,1.6919,2.1160,1.8091,2.1717,1.4963,1.7933,584.8764,82.0792,25.4887,9.6810,189.9563,107.0217,129.1027,150.4088,RFEnsemble
Coprosma robusta,Ds,0.1065,6.9841,11.5364,36.5190,168.9977,0.3059,1.4401,1.5894,1.1480,19118.5625,2086.5642,0.6714,0.7104,0.7020,1746.5624,0.2137,0.9700,0.0669,1.3299,1.2295,0.0219,0.2979,1.1694,1.9532,2.0678,1.3777,1.3567,1.1253,1.6292,407.4384,58.2993,19.5881,6.9691,132.5446,74.9953,85.5439,112.7611,RFEnsemble
Coprosma robusta,I,1.0145,11.4686,17.9939,57.6063,503.9117,5.3156,171.4128,-43.6259,4.3340,41531.5352,1518.6052,1.5176,0.0595,-0.1198,2832.9883,0.9815,-0.1560,-0.9992,10.5222,9.4194,0.4538,3.6579,21.7012,0.9296,20.7716,10.1861,11.1941,15.1706,5.8005,1247.4506,200.7449,40.5868,46.1554,435.9867,199.3587,286.6424,320.0316,RFEnsemble
Coprosma robusta,Gr,0.0237,3.2304,4.3912,15.0177,315.0817,-0.0700,-3.9162,-5.7954,0.2423,21492.7988,-144.5614,-0.0847,0.0890,-0.1611,1700.3051,0.0046,-0.3990,-0.0015,-4.0856,0.4478,-0.0100,0.3548,-3.0813,-4.5269,1.4454,-2.8120,-5.6118,-3.7349,-4.6695,-388.2175,-67.2950,-4.8427,-1.9442,-162.0927,-37.0944,-44.9964,-172.6972,RFEnsemble
Pseudowintera axillaris,D,0.9837,8.3049,13.5985,42.5401,208.6784,5.3687,175.3314,-38.6663,4.4296,23463.9941,1288.4637,1.5950,0.0098,-0.0340,1196.2529,0.9967,0.0045,-1.0000,14.0719,9.0645,0.4624,3.3653,24.4274,4.8118,19.6157,12.5336,16.2137,18.4402,9.8414,1676.5951,273.0310,47.4931,47.2711,606.8187,246.0280,343.2929,493.7074,RFEnsemble
Pseudowintera axillaris,Is,0.0955,8.1447,13.5081,44.5909,271.9502,0.5135,2.5129,2.1615,0.5507,25724.1055,1116.7253,0.5450,0.7158,0.6940,3898.9924,0.1108,0.5300,0.0066,1.3609,1.3168,0.0283,0.2940,1.5361,1.7750,2.1103,1.4282,1.6375,1.2677,1.5455,795.6583,107.4467,37.1790,6.6501,254.8459,147.6176,178.3215,199.0602,RFEnsemble
Pseudowintera axillaris,Ds,0.0980,6.1473,10.1495,31.9417,126.3528,0.3074,1.5975,1.7046,0.8551,20633.1836,1152.3280,0.6233,0.7072,0.7061,1936.4661,0.0808,1.0000,0.0084,1.1048,1.0217,0.0169,0.2677,0.9680,1.6833,1.7733,1.1044,1.2724,0.9484,1.3658,446.9999,66.1567,19.6231,6.7642,147.9751,81.9352,98.3737,119.0760,RFEnsemble
Pseudowintera axillaris,I,1.0986,17.8041,27.8160,88.8836,702.5042,4.9079,174.0477,-41.0221,4.7264,40906.3125,1561.7830,1.2741,-0.0715,0.0298,3875.1089,0.9938,-0.8480,-1.0000,10.5912,8.3556,0.4312,3.5189,21.1166,1.7725,19.3440,9.3410,12.5543,15.1562,6.1581,1936.7477,290.2866,70.2363,40.5122,658.5306,319.6141,411.5775,526.1334,RFEnsemble
Pseudowintera axillaris,Gr,0.1149,9.4993,14.2175,46.3435,493.8257,-0.4608,-1.2837,-2.3559,0.2967,17442.3184,273.3192,-0.3209,-0.0814,0.0638,2678.8560,-0.0029,-0.8525,-0.0000,-3.4808,-0.7089,-0.0312,0.1536,-3.3108,-3.0393,-0.2717,-3.1926,-3.6593,-3.2840,-3.6833,260.1526,17.2556,22.7433,-6.7589,51.7120,73.5861,68.2845,32.4260,RFEnsemble
Hedycarya arborea,D,1.0462,15.2197,24.2676,76.8698,542.1290,5.0407,174.6456,-40.1808,4.7355,44053.7266,1366.9452,1.4215,-0.0446,0.0657,3768.7454,0.9921,-0.7448,-0.9987,11.6972,9.0996,0.4473,3.5947,22.6410,2.3112,20.3298,10.5648,13.3990,16.3559,7.1595,2141.5691,324.1811,75.5573,42.4084,733.3736,350.7804,477.0139,559.5427,RFEnsemble
Hedycarya arborea,Is,0.1066,7.1746,11.4974,36.7079,176.6653,0.3608,1.9908,2.8225,1.1501,17290.0449,1940.2402,0.6429,0.6969,0.7164,1942.2277,0.1815,0.9682,0.0311,1.7301,1.3076,0.0262,0.2886,1.7742,2.1364,2.0966,1.6168,2.1480,1.6660,1.9254,665.4168,99.0423,25.7964,6.8244,222.7662,116.8240,162.6537,160.5212,RFEnsemble
Hedycarya arborea,Ds,0.1034,8.3205,13.5476,44.3146,242.8386,0.4980,2.5532,1.8894,0.5494,22493.8281,966.8790,0.5814,0.7486,0.6583,5104.2305,0.1254,0.6674,0.0509,1.3471,1.1362,0.0260,0.1998,1.6970,1.3359,1.6361,1.3731,2.0119,1.3351,1.4138,1220.2656,166.7570,57.4799,7.6709,392.2883,232.9019,325.4457,242.1284,RFEnsemble
Hedycarya arborea,I,0.9851,7.1580,11.5864,36.6892,180.6812,5.3496,174.3186,-39.1395,4.0228,14058.9863,1698.9082,1.5199,-0.0308,-0.0066,1002.8044,0.9834,0.2503,-0.9995,14.0847,8.4543,0.4561,3.1992,23.8366,5.3284,18.5084,12.6508,16.0709,18.2400,10.0702,1677.4387,272.5810,48.0338,47.3864,607.2253,248.3892,347.0139,489.5725,RFEnsemble
Hedycarya arborea,Gr,-0.0611,-8.0617,-12.6811,-40.1805,-361.4478,0.3089,-0.3271,1.0413,-0.7126,-29994.7402,331.9630,0.0983,0.0138,-0.0723,-2765.9409,-0.0087,0.9951,-0.0008,2.3875,-0.6453,0.0088,-0.3956,1.1956,3.0172,-1.8214,2.0861,2.6719,1.8841,2.9107,-464.1304,-51.6000,-27.5235,4.9780,-126.1483,-102.3911,-130.0001,-69.9702,RFEnsemble
Archeria traversii,D,1.0270,15.2283,23.9888,76.3648,425.7426,4.8073,172.5549,-41.9223,4.5444,24891.1699,1314.4819,1.2674,0.0274,0.0381,4530.8721,0.9944,-0.7616,-1.0001,11.4573,8.6331,0.4480,3.3984,21.7681,2.4678,19.3004,10.5671,12.8979,15.8377,7.1372,2401.5161,359.1045,86.3998,39.7402,814.2126,401.5597,538.1124,611.9151,RFEnsemble
Archeria traversii,Is,0.1036,7.0569,14.4373,48.7885,310.5404,0.4156,2.6640,1.7932,0.8182,25107.8457,1086.7469,0.4391,0.7297,0.6795,12445.8789,0.3952,0.3499,0.1267,1.2439,1.6832,0.0409,0.3520,1.8118,1.6316,2.6376,1.5283,2.0503,1.2209,1.4015,1601.8917,217.1512,78.5162,7.4463,517.2858,307.8214,432.7059,322.1017,RFEnsemble
Archeria traversii,Ds,0.1149,8.6142,14.5856,47.5476,245.7350,0.4319,3.0818,2.6971,0.8239,19841.0684,983.3433,0.5113,0.6999,0.7126,6209.5957,0.1069,0.6481,0.0033,1.3628,1.0910,0.0256,0.3034,1.6838,1.4291,1.8448,1.3605,2.2698,1.4089,1.4760,1104.5645,160.7002,47.8400,6.1162,367.3373,202.5989,297.5348,226.0769,RFEnsemble
Archeria traversii,I,1.0961,27.7383,43.3813,140.8928,1007.4320,4.6581,170.7568,-43.2682,4.4355,42680.1055,1761.9709,1.2232,-0.0019,0.0763,12765.8584,0.9186,-0.9368,-0.9919,8.3349,7.5749,0.3931,3.6703,18.9613,-0.1506,19.1118,7.9759,9.1196,13.0759,3.6865,3103.5391,446.5869,126.8708,37.0690,1024.8992,553.3334,736.5055,724.0513,RFEnsemble
Archeria traversii,Gr,0.0691,12.5101,19.3925,64.5280,581.6893,-0.1493,-1.7981,-1.3459,-0.1089,17788.9355,447.4890,-0.0441,-0.0293,0.0381,8234.9863,-0.0758,-0.1752,0.0082,-3.1224,-1.0582,-0.0548,0.2718,-2.8069,-2.6184,-0.1886,-2.5912,-3.7783,-2.7618,-3.4507,702.0229,87.4824,40.4710,-2.6712,210.6866,151.7737,198.3931,112.1362,RFEnsemble
Melicytus ramiflorus,D,1.0263,14.6902,23.2946,74.1655,506.5249,4.9380,174.0780,-40.4025,4.6279,37987.8203,1296.8910,1.4373,-0.0140,0.0363,4038.3711,0.9890,-0.6361,-0.9971,11.6990,8.9357,0.4454,3.5437,22.4362,2.3834,20.0529,10.6058,13.3792,16.2901,7.2225,2461.4006,370.6481,87.1302,41.3791,840.3036,405.6022,547.5878,634.9536,RFEnsemble
Melicytus ramiflorus,Is,0.0979,7.7760,12.3617,39.8025,248.4605,0.3377,2.6681,3.8564,1.1432,21842.7422,2272.0642,0.6708,0.7003,0.7121,2004.6740,0.2256,0.9461,0.0708,2.4428,1.3721,0.0260,0.3646,1.9280,3.0629,2.3211,1.8735,3.5326,2.2360,2.8525,330.0248,52.4281,12.6751,7.9891,122.7778,52.2716,61.0824,122.1004,RFEnsemble
Melicytus ramiflorus,Ds,0.1152,9.8932,16.1101,52.5453,309.7542,0.4980,2.8284,2.1505,0.7468,23009.4492,1008.5797,0.5934,0.7231,0.6896,5697.7612,0.1458,0.7714,0.0722,1.8089,1.1951,0.0296,0.2468,2.0869,1.6711,1.7409,1.7443,2.4910,1.7662,1.9048,1227.2938,169.1449,59.4098,7.2485,394.9354,237.2146,332.4089,237.3163,RFEnsemble
Melicytus ramiflorus,I,0.9902,7.8900,12.7907,40.6164,227.5356,5.4785,172.8647,-41.1459,3.9686,19169.0781,1881.9282,1.6093,-0.0112,-0.0488,1207.7036,0.9743,0.3237,-0.9976,13.0702,8.8712,0.4615,3.3192,23.2560,4.0498,19.2062,12.2086,14.2869,17.3259,8.8424,1196.8977,201.9338,33.2093,49.2496,440.2171,174.3581,257.4182,345.1526,RFEnsemble
Melicytus ramiflorus,Gr,-0.0362,-6.8001,-10.5039,-33.5491,-278.9892,0.5405,-1.2133,-0.7434,-0.6593,-18818.7422,585.0372,0.1721,0.0028,-0.0851,-2830.6675,-0.0147,0.9598,-0.0005,1.3711,-0.0645,0.0161,-0.2245,0.8198,1.6664,-0.8467,1.6028,0.9077,1.0358,1.6199,-1264.5029,-168.7143,-53.9208,7.8705,-400.0865,-231.2441,-290.1696,-289.8010,RFEnsemble
Cyathea medullaris,D,0.9708,6.2305,10.4958,32.7841,94.1843,5.4150,174.7643,-36.7277,3.5393,12362.9443,1743.3470,1.5081,-0.0001,0.0777,725.0259,0.9841,0.6914,-0.9997,15.6063,8.8677,0.4720,3.1549,25.4652,6.6741,18.7911,13.8756,17.8900,19.7281,11.6746,1501.1462,251.1609,38.2130,49.5084,563.1870,208.9503,298.7949,474.3091,RFEnsemble
Cyathea medullaris,Is,0.1070,8.5911,13.8454,44.5763,248.2554,0.4649,1.9729,1.7426,0.7670,25591.2676,1285.8092,0.6140,0.7076,0.7055,2809.2319,0.1352,0.8686,0.0264,1.2954,1.3209,0.0258,0.2818,1.4685,1.6973,2.0808,1.4146,1.3913,1.2043,1.4713,619.9847,84.3092,27.8580,7.8085,199.4897,113.5755,132.2658,164.8304,RFEnsemble
Cyathea medullaris,Ds,0.0936,4.9798,8.3162,25.9548,68.7754,0.2199,1.1124,1.2393,1.1569,12017.5068,2095.8149,0.7144,0.7199,0.6898,955.0115,0.1776,0.7225,0.0234,0.7833,1.0070,0.0170,0.2392,0.6519,1.4941,1.7394,0.9698,0.7288,0.5915,1.0713,246.9189,42.2185,10.4070,5.3043,89.8249,40.1621,53.2421,75.8397,RFEnsemble
Cyathea medullaris,I,1.0361,11.4036,18.1836,57.6195,436.7620,5.2217,174.9614,-40.1726,4.5973,35022.5938,1479.4403,1.4522,-0.0133,-0.0363,2048.8691,0.9908,-0.4955,-0.9996,12.2647,8.8029,0.4471,3.4735,22.7974,3.1467,19.6508,10.9115,14.2555,16.7673,7.8877,1692.7946,267.4909,53.8966,45.0759,594.6393,262.7354,354.6711,477.0512,RFEnsemble
Cyathea medullaris,Gr,0.0654,5.1731,7.6878,24.8355,342.5776,-0.1932,0.1971,-3.4449,1.0580,22659.6484,-263.9067,-0.0559,-0.0131,-0.1140,1323.8433,0.0067,-1.1869,0.0001,-3.3416,-0.0649,-0.0249,0.3186,-2.6678,-3.5274,0.8597,-2.9641,-3.6345,-2.9608,-3.7870,191.6483,16.3300,15.6836,-4.4325,31.4524,53.7850,55.8762,2.7422,RFEnsemble
Coprosma autumnalis,D,0.9791,7.8356,12.8881,40.8071,247.5962,5.4197,176.1591,-38.2382,4.2077,24467.4531,1316.7212,1.7626,-0.0870,0.0907,1471.6835,0.9953,-0.0076,-0.9999,14.0547,9.2458,0.4631,3.4228,24.5226,4.6097,19.9130,12.4777,16.2099,18.4964,9.7521,1707.7571,278.5027,49.5675,48.3976,620.1118,249.9702,349.0698,509.1784,RFEnsemble
Coprosma autumnalis,Is,0.1084,8.5771,13.8839,45.2816,295.0810,0.4920,2.1637,2.4195,0.7622,25163.2207,1414.7810,0.5728,0.7142,0.6973,3160.3101,0.1478,0.8809,0.0328,1.8637,1.2818,0.0249,0.3528,1.6159,2.4231,2.2354,1.7842,2.2716,1.6416,2.2081,629.3555,89.4177,26.8246,7.1836,204.2778,116.2275,149.9323,148.9561,RFEnsemble
Coprosma autumnalis,Ds,0.1055,8.2114,13.2863,42.4995,281.9952,0.3188,1.3053,1.1688,1.0856,20073.2578,1520.7791,0.6345,0.7039,0.6991,2538.0081,0.0964,1.0000,0.0140,1.7245,1.3420,0.0299,0.2332,1.9805,1.6851,1.9293,1.8161,1.6859,1.6531,1.8115,658.0247,88.7225,31.6835,8.2836,213.0637,117.8469,130.3665,188.0237,RFEnsemble
Coprosma autumnalis,I,1.0371,14.2064,22.4702,71.3583,459.4935,5.0854,173.5084,-41.0553,4.5917,31868.0469,1600.8909,1.2924,0.0177,-0.0581,2568.4080,0.9889,-0.4732,-0.9994,11.8613,8.8171,0.4477,3.4689,22.4434,2.7508,19.6925,10.6728,13.6899,16.3425,7.4686,1691.1091,265.8659,54.6329,44.1264,590.5294,267.1119,359.1834,462.7888,RFEnsemble
Coprosma autumnalis,Gr,0.0580,6.3708,9.5821,30.5513,211.8973,-0.3343,-2.6507,-2.8171,0.3840,7400.5938,284.1697,-0.4702,0.1047,-0.1488,1096.7245,-0.0064,-0.4656,0.0005,-2.1934,-0.4286,-0.0154,0.0461,-2.0792,-1.8588,-0.2206,-1.8050,-2.5200,-2.1540,-2.2835,-16.6479,-12.6368,5.0653,-4.2712,-29.5824,17.1417,10.1136,-46.3895,RFEnsemble
Phyllocladus alpinus,D,1.0984,12.2702,18.5398,59.5342,824.9505,5.0477,172.5946,-41.9694,4.5414,68914.7656,1628.7706,1.3775,-0.0504,0.0393,3830.8889,0.9709,-0.5738,-1.0000,9.5542,8.4339,0.4205,3.7190,20.6146,0.5397,20.0749,8.9674,10.6910,14.3517,4.8351,1740.7794,254.3776,66.3922,37.3739,584.7883,294.6382,388.3263,458.9529,RFEnsemble
Phyllocladus alpinus,Is,0.1116,10.7418,17.9013,58.7136,358.5880,0.5159,2.7153,2.0241,0.8548,21690.0566,1073.5751,0.5948,0.7316,0.6815,7338.8071,0.2794,0.7775,0.0450,1.9178,1.4106,0.0342,0.3330,2.0128,2.0807,2.1594,1.8148,2.7700,1.7670,2.1658,1414.6064,193.6705,66.1809,8.6368,456.4680,268.8335,376.1944,286.0268,RFEnsemble
Phyllocladus alpinus,Ds,0.0967,8.9510,13.8870,45.4573,378.9066,0.4209,3.4254,3.2849,0.7631,31286.8574,1048.5011,0.5029,0.6990,0.7122,5026.0732,0.2397,0.8190,0.0047,2.4853,1.2275,0.0366,0.3880,2.4649,2.4728,2.0109,2.0937,3.4682,2.3333,2.8056,775.1108,112.6230,34.2975,6.9012,260.8573,137.2310,164.2348,204.9199,RFEnsemble
Phyllocladus alpinus,I,1.0104,16.9102,26.9565,86.3746,517.4447,5.0199,172.5581,-42.0481,4.5345,32299.2500,1292.3146,1.3790,0.0008,-0.0168,4840.8652,0.9603,-0.6290,-0.9991,11.1523,8.9491,0.4439,3.5679,21.9772,1.8439,20.1335,10.3565,12.4235,15.7420,6.6053,2236.9761,342.3864,79.0833,43.3630,766.0276,371.0726,509.6965,558.6389,RFEnsemble
Phyllocladus alpinus,Gr,-0.0880,4.6400,8.4167,26.8404,-307.5058,-0.0278,-0.0365,-0.0787,-0.0069,-36615.5156,-336.4561,0.0015,0.0512,-0.0562,1009.9763,-0.0106,-0.0552,0.0009,1.5981,0.5152,0.0234,-0.1511,1.3626,1.3041,0.0586,1.3890,1.7325,1.3903,1.7702,496.1967,88.0088,12.6911,5.9891,181.2393,76.4344,121.3702,99.6860,RFEnsemble
Myrsine divaricata,D,1.0425,16.2793,25.2749,81.0642,605.8874,4.7592,172.3464,-42.2657,4.5522,34220.2578,1480.3710,1.3555,-0.0086,-0.0043,6868.3071,0.9794,-0.7961,-0.9999,10.4933,8.9239,0.4450,3.5547,21.2925,1.2340,20.0586,9.5537,12.1003,15.0685,5.9613,2096.7900,313.2600,76.6303,41.0789,708.7314,351.2787,462.1951,537.3358,RFEnsemble
Myrsine divaricata,Is,0.1092,11.3417,18.5501,60.7033,433.9917,0.4771,3.1098,2.9093,0.9228,26423.4473,1714.1500,0.5914,0.7222,0.6903,7790.2979,0.2356,0.9702,0.0642,2.5432,1.5400,0.0455,0.3400,2.5672,2.4586,2.0922,2.2530,3.4851,2.3717,2.8037,1367.7544,190.5050,62.0540,9.0249,445.1317,256.5542,350.6383,292.5803,RFEnsemble
Myrsine divaricata,Ds,0.1140,9.7435,16.2308,53.1573,269.4456,0.5169,2.8659,2.4700,0.8767,24343.0977,1095.1030,0.6240,0.7212,0.6927,7587.5420,0.2017,0.6051,0.0114,1.0647,1.3491,0.0250,0.3825,1.5574,1.5766,2.3906,1.2373,1.7919,1.0949,1.2739,1094.9434,147.0597,53.5859,8.6342,351.2438,208.6885,279.1945,235.7820,RFEnsemble
Myrsine divaricata,I,1.0195,13.4117,21.5528,69.0734,499.9734,5.2486,171.9902,-42.5378,4.3277,37255.1562,1532.5146,1.4893,0.0149,-0.0409,3805.3813,0.9719,-0.2421,-0.9980,10.9908,8.8182,0.4422,3.5470,21.7196,1.8271,19.8924,10.5818,11.7028,15.5347,6.4594,1936.3640,297.2924,68.2236,43.6732,665.0618,320.9377,451.3886,481.9052,RFEnsemble
Myrsine divaricata,Gr,-0.0230,-2.8676,-3.7221,-11.9907,-105.9140,0.4895,-0.3562,-0.2720,-0.2245,3034.8984,52.1437,0.1338,0.0235,-0.0366,-3062.9258,-0.0075,0.5541,0.0019,0.4975,-0.1058,-0.0029,-0.0077,0.4271,0.5931,-0.1662,1.0281,-0.3975,0.4662,0.4981,-160.4260,-15.9675,-8.4067,2.5943,-43.6697,-30.3411,-10.8065,-55.4306,RFEnsemble
Pseudowintera colorata,D,1.0012,8.6247,13.5484,42.8722,359.4378,5.3127,173.5373,-41.2095,4.4549,35689.7500,1443.1722,1.5257,-0.1190,0.0533,1763.1024,0.9924,-0.1876,-0.9996,12.2489,9.1880,0.4546,3.5211,23.0484,2.8134,20.2349,11.1860,13.8367,16.7802,7.7703,1504.0450,242.8043,44.2194,46.5246,534.9294,228.3925,321.9473,413.2171,RFEnsemble
Pseudowintera colorata,Is,0.1138,10.5192,17.7090,58.2274,332.5577,0.5197,3.5645,2.9665,0.8762,23064.1719,1020.8723,0.6110,0.7184,0.6862,9328.8301,0.1645,0.8178,0.0547,1.9374,1.3880,0.0372,0.2730,2.1412,1.8764,1.9223,1.7952,2.9389,1.8810,2.0773,1464.5305,200.7864,68.9168,7.9155,473.7339,277.5696,380.8161,307.1473,RFEnsemble
Pseudowintera colorata,Ds,0.0961,7.5680,11.8013,38.0451,301.5558,0.4530,2.5779,2.7081,0.8860,28257.9980,1224.8790,0.5787,0.6964,0.7057,3971.9954,0.1232,0.9822,0.0305,1.9096,1.2526,0.0250,0.4113,1.6970,2.4828,2.3362,1.6234,2.6602,1.7065,2.3043,633.0325,95.3952,23.7427,7.2588,213.7437,110.2460,153.3049,154.1557,RFEnsemble
Pseudowintera colorata,I,1.0473,17.6883,28.1866,90.4976,575.7827,4.9797,172.4519,-42.0905,4.4274,33747.9883,1355.1139,1.4437,0.0865,-0.0739,6375.4785,0.9863,-0.5755,-0.9984,10.7343,8.3841,0.4352,3.4785,21.1583,1.9344,19.2237,10.1458,11.7070,15.2132,6.3158,2359.3149,348.9870,89.2178,40.2377,796.2475,401.7902,544.7531,589.5364,RFEnsemble
Pseudowintera colorata,Gr,0.0461,9.0636,14.6381,47.6254,216.3449,-0.3330,-1.0854,-0.8810,-0.0275,-1941.7617,-88.0583,-0.0820,0.2055,-0.1272,4612.3760,-0.0061,-0.3878,0.0012,-1.5146,-0.8039,-0.0194,-0.0426,-1.8901,-0.8790,-1.0112,-1.0401,-2.1297,-1.5670,-1.4545,855.2699,106.1828,44.9983,-6.2869,261.3181,173.3977,222.8058,176.3192,RFEnsemble
Coprosma ciliata,D,1.0250,12.2631,19.3134,61.5635,509.3250,5.2059,172.9531,-41.7743,4.4570,40483.9922,1420.2922,1.4885,0.0017,-0.0363,3331.3916,0.9762,-0.3438,-0.9991,11.2641,9.1476,0.4474,3.6129,22.2583,1.8282,20.4298,10.4405,12.6077,15.9022,6.6539,1620.4840,253.8544,53.6785,44.3935,563.7301,258.5494,354.6567,433.3539,RFEnsemble
Coprosma ciliata,Is,0.1093,10.8691,21.6535,71.7623,416.0856,0.4198,1.4322,0.8944,0.8977,14060.7393,1168.0814,0.5195,0.7062,0.7070,11893.6738,0.5206,0.6428,0.1120,1.6179,1.4781,0.0462,0.2713,1.7448,1.5347,1.9625,1.6844,1.8507,1.4463,1.7785,1632.0886,219.6854,89.2644,8.9982,523.8612,320.9554,428.8278,338.4706,RFEnsemble
Coprosma ciliata,Ds,0.1114,9.5694,15.1898,49.3113,376.4798,0.4871,2.9983,2.7893,0.8965,26627.0254,1149.0118,0.6110,0.7215,0.6915,6030.2837,0.2145,0.9391,0.0255,2.2625,1.4101,0.0345,0.3667,2.3118,2.3495,2.2095,2.0250,3.0527,2.1271,2.5274,761.5421,107.0055,33.7422,8.9142,248.7694,139.7209,173.2801,192.2924,RFEnsemble
Coprosma ciliata,I,1.0465,29.9150,50.0424,162.7721,809.6995,4.7054,169.1733,-44.2233,4.1574,19016.5781,1517.0187,1.5284,0.0117,0.0360,14522.5859,0.8538,-0.7660,-0.9937,8.8822,7.3975,0.3982,3.5380,19.0502,0.5492,18.5010,9.6937,7.4615,13.4341,4.3768,5271.9814,746.9816,223.9955,36.0543,1738.5082,954.6246,1351.3207,1126.5106,RFEnsemble
Coprosma ciliata,Gr,0.0215,17.6519,30.7290,101.2086,300.3745,-0.5006,-3.7798,-2.4489,-0.2996,-21467.4141,96.7264,0.0399,0.0100,0.0724,11191.1943,-0.1224,-0.4222,0.0054,-2.3819,-1.7501,-0.0493,-0.0749,-3.2080,-1.2790,-1.9288,-0.7469,-5.1461,-2.4681,-2.2771,3651.4976,493.1271,170.3170,-8.3392,1174.7781,696.0752,996.6640,693.1567,RFEnsemble
Knightia excelsa,D,1.0158,7.8890,12.8618,40.3283,469.7727,5.4333,176.0315,-39.3413,4.6550,55803.6680,1161.5087,1.5836,-0.0137,0.0693,1421.2999,0.9923,-0.4977,-0.9978,12.3333,9.5092,0.4580,3.6264,23.4978,2.7404,20.7576,11.0610,14.1658,17.0426,7.7772,1339.1866,218.4547,37.6877,47.0922,479.2457,199.2366,289.1741,382.1638,RFEnsemble
Knightia excelsa,Is,0.1080,7.9975,13.0123,41.7767,201.8513,0.3695,1.4620,2.1008,0.9966,15472.1445,1586.8855,0.5892,0.7228,0.6888,2450.2578,0.1241,0.9998,0.0051,1.6109,1.1848,0.0263,0.2531,1.6119,1.9171,1.8496,1.6708,1.6307,1.4740,1.8216,469.1660,63.3637,23.2092,6.7596,148.2455,88.8519,101.1682,124.5096,RFEnsemble
Knightia excelsa,Ds,0.1023,6.5490,10.6323,33.5511,249.3081,0.3285,1.0135,0.9935,0.7102,24170.1641,984.1575,0.6273,0.6894,0.7209,2060.4248,0.1238,0.8673,0.0667,1.3998,0.9885,0.0205,0.1826,1.5364,1.3880,1.4305,1.4615,1.3793,1.3465,1.4584,376.5702,55.6281,15.4355,7.1448,127.0154,64.0496,75.4858,108.4998,RFEnsemble
Knightia excelsa,I,1.0143,10.8090,17.5671,55.2997,246.1869,5.2835,174.8719,-38.6213,4.2120,17126.4121,1642.7808,1.3742,-0.0268,-0.0496,1625.6453,0.9922,0.0181,-1.0000,13.9834,8.4949,0.4542,3.2407,23.9000,5.2163,18.6838,12.3290,16.2645,18.2062,9.9295,1712.6144,271.9975,52.0576,45.5617,613.6912,256.8080,344.1737,509.6144,RFEnsemble
Knightia excelsa,Gr,-0.0015,2.9200,4.7053,14.9714,-223.5858,-0.1499,-1.1595,0.7200,-0.4431,-38677.2578,481.2721,-0.2094,-0.0131,-0.1189,204.3453,-0.0001,0.5158,-0.0022,1.6500,-1.0143,-0.0038,-0.3856,0.4021,2.4759,-2.0738,1.2680,2.0987,1.1635,2.1522,373.4277,53.5428,14.3699,-1.5305,134.4455,57.5714,54.9995,127.4507,RFEnsemble
Pennantia corymbosa,D,0.9680,3.0512,5.2170,16.4909,206.8918,5.4681,173.1944,-41.0625,3.9541,30357.9961,1453.0115,1.7115,0.0500,-0.0091,627.5979,0.9868,0.4017,-0.9999,12.9251,9.7741,0.4736,3.4885,23.7785,3.1106,20.6676,12.1853,14.0596,17.3892,8.4614,1397.0933,229.5012,39.2792,48.4132,502.9029,209.0934,310.1046,383.7054,RFEnsemble
Pennantia corymbosa,Is,0.1096,8.2289,14.0487,46.7805,352.1629,0.5286,2.8829,2.3468,0.6979,26550.5605,1305.6168,0.5984,0.7351,0.6773,6144.8516,0.2257,0.6656,0.0002,2.0567,1.3315,0.0296,0.3841,1.8945,2.4530,2.2798,1.8903,2.8677,1.8338,2.4032,1314.0431,178.6055,61.7536,9.2737,422.9574,249.0312,340.5596,275.2855,RFEnsemble
Pennantia corymbosa,Ds,0.0923,3.9768,6.3361,19.6470,209.1249,0.3620,2.9633,3.5334,1.2612,24436.9961,1393.4575,0.6083,0.7002,0.7121,1970.2372,0.1617,0.9158,0.0001,2.0038,1.1034,0.0189,0.3224,1.8779,2.3716,1.9461,1.4605,3.1584,1.9330,2.2706,712.4371,107.5949,26.1337,8.3371,243.7107,121.5307,169.6822,181.7483,RFEnsemble
Pennantia corymbosa,I,1.0389,19.9217,31.1488,99.8780,649.0787,4.9558,172.6195,-42.0639,4.6031,37801.2773,1462.2621,1.3720,-0.0153,-0.0255,5677.8853,0.9743,-0.7464,-1.0002,10.5828,8.5869,0.4318,3.6149,21.3906,1.5084,19.8822,9.7880,11.8749,15.2372,5.9817,2094.6812,317.8458,76.6160,42.4564,714.6877,349.7357,471.1518,530.9553,RFEnsemble
Pennantia corymbosa,Gr,0.0708,16.8705,25.9318,83.3871,442.1869,-0.5122,-0.5748,-1.0014,0.6490,7443.2812,9.2506,-0.3396,-0.0654,-0.0164,5050.2871,-0.0125,-1.1481,-0.0002,-2.3423,-1.1872,-0.0418,0.1264,-2.3879,-1.6022,-0.7853,-2.3974,-2.1847,-2.1520,-2.4797,697.5879,88.3446,37.3369,-5.9568,211.7848,140.6424,161.0472,147.2499,RFEnsemble
Fuscospora fusca,D,1.0374,17.8215,27.6458,88.8792,670.0178,4.8412,171.6724,-42.6759,4.5781,42175.3477,1415.2863,1.3387,0.0008,0.0324,4394.4170,0.9860,-0.6296,-0.9999,10.1922,8.9080,0.4331,3.7102,21.3219,0.7704,20.5514,9.6032,11.4020,14.9473,5.4381,2081.4751,316.3281,74.4614,41.7536,708.1910,347.5305,461.9978,523.0629,RFEnsemble
Fuscospora fusca,Is,0.1073,8.3686,13.8729,44.8245,290.1464,0.3135,2.5253,2.3672,0.6000,23208.6230,1017.7861,0.6335,0.7147,0.6967,2760.9382,0.1293,0.8662,0.0001,1.6802,1.0236,0.0261,0.1881,1.7986,1.5617,1.3931,1.5494,2.1855,1.6414,1.7738,391.1921,59.5897,16.9112,6.8648,135.2466,66.6413,77.9722,121.6156,RFEnsemble
Fuscospora fusca,Ds,0.1108,10.0492,16.7777,55.2392,360.7929,0.5341,2.2138,2.0916,0.7229,28632.1055,1112.0551,0.5523,0.7384,0.6735,4752.1768,0.1665,0.7770,0.0001,2.0262,1.5118,0.0319,0.4328,1.9977,2.4164,2.5689,1.9790,2.8196,1.8193,2.3753,1024.3524,144.1225,46.2748,8.8320,333.5832,190.2855,244.6137,236.2296,RFEnsemble
Fuscospora fusca,I,1.0296,10.8439,17.7074,55.9300,456.1968,5.3865,175.2606,-40.0026,4.6852,43748.1328,1299.2939,1.5734,0.0010,-0.0621,1955.4497,0.9916,-0.4996,-0.9999,12.1967,9.1487,0.4538,3.5496,23.0355,2.8772,20.1582,10.9751,13.9241,16.7872,7.7172,1462.3226,235.8489,44.3354,45.7332,520.5449,221.6622,313.7623,417.0899,RFEnsemble
Fuscospora fusca,Gr,-0.0078,-6.9776,-9.9384,-32.9492,-213.8210,0.5453,3.5882,2.6732,0.1071,1572.7852,-115.9923,0.2347,0.0001,-0.0945,-2438.9673,0.0056,0.1299,-0.0000,2.0045,0.2408,0.0207,-0.1606,1.7137,2.1067,-0.3932,1.3719,2.5221,1.8398,2.2791,-619.1525,-80.4792,-30.1260,3.9796,-187.6461,-125.8683,-148.2355,-105.9730,RFEnsemble
Quintinia acutifolia,D,1.0269,12.3328,19.7033,62.2481,412.3704,5.1679,174.6939,-40.1401,4.6085,33231.1719,1366.2134,1.4662,-0.0761,0.0129,2196.4587,0.9968,-0.5479,-1.0004,12.3852,8.9423,0.4513,3.4754,22.9883,3.1687,19.8195,11.0290,14.3557,16.8879,8.0014,1835.5601,289.2218,58.1215,44.4786,644.9276,285.5710,388.2797,509.6995,RFEnsemble
Quintinia acutifolia,Is,0.1124,9.0398,18.0922,60.0257,346.4810,0.2309,1.3303,0.8033,0.7280,15384.9951,781.6812,0.5009,0.7164,0.6961,6885.0273,0.3306,0.3194,0.0000,1.3725,0.9452,0.0296,0.1873,1.4540,1.0520,1.1266,1.6477,1.7260,1.2435,1.4690,964.3602,135.3316,58.1385,5.4784,313.0891,194.9050,283.9257,187.2435,RFEnsemble
Quintinia acutifolia,Ds,0.1081,8.3483,13.5609,43.8120,265.7406,0.4622,2.3596,2.0420,0.7297,23758.2832,1030.9972,0.6199,0.7161,0.6937,3009.0288,0.0852,0.8364,0.0004,1.6131,1.1018,0.0241,0.2664,1.6848,1.7919,1.7618,1.5518,1.9516,1.5228,1.7841,696.8311,100.8645,30.3251,7.0315,228.6516,128.8323,171.3811,159.5754,RFEnsemble
Quintinia acutifolia,I,1.0216,27.5693,43.6020,141.5799,828.3376,4.5083,169.9530,-43.5809,4.5185,29541.6270,1001.8732,1.6063,-0.0178,0.0435,11988.9355,0.9438,-0.9477,-1.0000,9.1447,8.2946,0.4169,3.6998,20.0181,0.0899,19.9281,9.7944,8.0930,13.9077,4.4140,5202.9834,722.2878,229.6638,32.7603,1693.0583,955.5880,1295.7527,1124.8605,RFEnsemble
Quintinia acutifolia,Gr,-0.0052,15.2365,23.8986,79.3318,415.9672,-0.6596,-4.7409,-3.4408,-0.0900,-3689.5449,-364.3402,0.1401,0.0583,0.0305,9792.4766,-0.0530,-0.3998,0.0004,-3.2405,-0.6478,-0.0344,0.2244,-2.9702,-3.0788,0.1086,-1.2346,-6.2627,-2.9801,-3.5874,3367.4233,433.0659,171.5423,-11.7183,1048.1309,670.0170,907.4730,615.1610,RFEnsemble
Pterophylla racemosa,D,1.0143,11.3898,18.1903,57.6963,379.6132,5.1937,174.0111,-40.3528,4.4166,30888.6836,1465.3781,1.4666,-0.0237,0.0108,2568.4377,0.9918,-0.2940,-0.9991,12.4903,8.9258,0.4536,3.4369,23.0005,3.3215,19.6787,11.2802,14.2698,16.9330,8.1454,1722.5112,272.8694,54.0769,45.1896,607.6857,267.3394,368.3021,477.3705,RFEnsemble
Pterophylla racemosa,Is,0.0975,8.3708,17.8699,59.5683,315.2085,0.1675,1.8465,1.2810,1.0016,15676.0664,1184.8741,0.4962,0.7039,0.7074,14232.5469,0.3658,0.4169,0.1971,1.0905,1.5279,0.0408,0.3234,1.3714,1.5991,2.3702,1.3127,1.5516,0.9659,1.3213,1164.2716,155.6186,72.8446,5.8389,373.1646,236.0716,317.5187,238.7869,RFEnsemble
Pterophylla racemosa,Ds,0.1092,8.7974,14.1128,45.6271,303.2898,0.4761,2.7390,2.8504,0.9243,24749.4199,1434.1370,0.6305,0.7136,0.7000,4653.6631,0.1246,0.9560,0.0315,2.1558,1.2259,0.0268,0.3248,2.0537,2.4204,2.0399,1.9594,2.6605,2.0112,2.4165,711.4963,101.5874,31.6197,7.8262,232.7221,131.6495,174.9684,165.3070,RFEnsemble
Pterophylla racemosa,I,1.0320,30.4393,49.8661,162.1807,738.8226,4.5409,169.0939,-44.1506,3.9763,19106.6387,1498.0116,1.4215,-0.0334,0.0539,17385.3809,0.9307,-0.9089,-0.9804,9.1404,7.1238,0.3929,3.4625,19.0656,1.0316,18.0340,9.7529,8.0604,13.6048,4.7458,5290.7388,739.8721,227.9196,33.4756,1731.1980,967.6061,1332.5067,1151.1852,RFEnsemble
Pterophylla racemosa,Gr,0.0177,19.0496,31.6758,104.4844,359.2094,-0.6528,-4.9172,-3.7978,-0.4403,-11782.0449,32.6335,-0.0451,-0.0097,0.0431,14816.9434,-0.0611,-0.6149,0.0187,-3.3499,-1.8020,-0.0607,0.0256,-3.9349,-2.2899,-1.6447,-1.5273,-6.2094,-3.3282,-3.3995,3568.2275,467.0027,173.8427,-11.7139,1123.5123,700.2668,964.2047,673.8147,RFEnsemble
Cyathea cunninghamii,D,0.9857,7.3102,12.2167,38.3485,96.2008,5.4146,174.6414,-36.3929,3.6152,4991.8364,1701.3301,1.4409,-0.0117,-0.0888,855.7138,0.9696,0.6996,-1.0000,15.9515,7.9562,0.4587,2.9976,25.0536,7.7095,17.3441,14.2638,18.1625,19.8838,12.2460,1501.6062,253.2292,38.0911,50.0402,567.8873,207.3432,298.7518,478.6247,RFEnsemble
Cyathea cunninghamii,Is,0.1087,7.9129,12.6874,40.6017,248.2191,0.4384,2.1621,1.8510,0.8005,24263.7773,1170.2819,0.6207,0.7128,0.7011,3516.7883,0.1161,0.8949,0.0384,1.3945,1.1964,0.0248,0.2530,1.6625,1.5154,1.8426,1.4469,1.7088,1.3620,1.4966,794.0237,112.2752,34.2870,7.5941,259.5022,146.1480,203.7964,176.1264,RFEnsemble
Cyathea cunninghamii,Ds,0.1019,5.8464,9.9562,31.5646,77.3345,0.2308,1.2829,1.1503,1.0778,5060.7744,1827.8340,0.7186,0.7250,0.6829,926.0333,0.2448,0.7146,0.0045,0.5603,0.8140,0.0214,0.1510,0.7069,0.9053,1.1746,0.7754,0.5671,0.4943,0.7066,209.6049,37.4106,9.4597,5.3871,77.4873,35.4136,48.0111,65.1046,RFEnsemble
Cyathea cunninghamii,I,1.0156,10.8019,17.2988,54.5380,378.5834,5.2334,174.8967,-40.0338,4.5562,34206.2852,1353.2418,1.4935,-0.0185,0.0025,2077.6875,0.9928,-0.4466,-0.9988,12.5613,9.0769,0.4543,3.4804,23.2183,3.2524,19.9659,11.2208,14.5045,17.0709,8.1720,1781.3882,281.5076,56.0387,45.2099,626.8567,275.9535,379.4312,494.5846,RFEnsemble
Cyathea cunninghamii,Gr,0.0299,3.4917,5.0821,16.1895,282.3826,-0.1812,0.2552,-3.6409,0.9411,29214.4492,-348.0883,0.0526,-0.0068,0.0913,1221.9736,0.0232,-1.1462,0.0012,-3.3902,1.1207,-0.0043,0.4828,-1.8353,-4.4572,2.6218,-3.0431,-3.6580,-2.8129,-4.0739,279.7820,28.2783,17.9475,-4.8303,58.9694,68.6102,80.6794,15.9599,RFEnsemble
Dicksonia squarrosa,D,0.9606,4.8154,8.2994,25.9078,77.4354,5.4543,175.0151,-37.1473,3.5117,13719.0488,1545.7505,1.6075,-0.0210,0.0570,571.9752,0.9890,0.6769,-0.9998,15.4833,9.1551,0.4744,3.2300,25.5801,6.2684,19.3117,13.8837,17.6587,19.6900,11.4412,1389.4838,235.9367,34.1562,50.3955,523.1810,192.3221,280.6871,434.5528,RFEnsemble
Dicksonia squarrosa,Is,0.1104,9.5097,15.5059,50.4392,285.1251,0.5067,2.9446,2.5740,0.8102,24747.4121,1253.5776,0.6061,0.7144,0.6996,5882.7065,0.1369,0.8441,0.0560,1.6511,1.3544,0.0292,0.3125,1.8269,1.9348,2.1557,1.5642,2.3315,1.5903,1.8310,1107.0099,152.0240,51.8351,7.8790,357.2456,209.6914,285.1401,234.7902,RFEnsemble
Dicksonia squarrosa,Ds,0.0861,4.2844,7.2113,22.3490,56.5386,0.2549,1.1593,1.5109,1.2228,12347.4541,1757.7744,0.7043,0.7135,0.6980,1487.8900,0.1483,0.7361,0.0200,0.7844,0.9669,0.0153,0.2457,0.6630,1.4912,1.7155,0.8440,0.9110,0.6029,1.0757,264.9282,47.2714,9.7087,5.6326,101.1363,41.2665,61.3804,85.2923,RFEnsemble
Dicksonia squarrosa,I,1.0329,13.8281,21.8971,69.7344,477.8020,5.0644,173.6328,-41.1094,4.5595,34117.7148,1466.7180,1.4204,-0.0055,-0.0129,3657.6238,0.9899,-0.5364,-0.9978,11.6314,8.7794,0.4459,3.4819,22.1896,2.5238,19.6658,10.5710,13.2358,16.1280,7.2216,2032.2112,311.1765,70.1145,42.9501,699.7066,330.2978,447.5286,535.7326,RFEnsemble
Dicksonia squarrosa,Gr,0.0723,9.0127,13.5977,43.8267,400.3666,-0.3899,-1.3823,-3.9621,1.0478,20398.6660,-79.0325,-0.1872,0.0154,-0.0699,3085.6487,0.0009,-1.2132,0.0021,-3.8519,-0.3757,-0.0285,0.2518,-3.3905,-3.7446,0.3541,-3.3127,-4.4230,-3.5620,-4.2196,642.7274,75.2398,35.9584,-7.4454,176.5256,137.9757,166.8416,101.1798,RFEnsemble
Griselinia littoralis,D,1.0225,13.0046,20.6950,66.0641,473.3987,5.2117,172.7850,-41.6442,4.3773,35694.6562,1486.0890,1.4875,0.0122,-0.0275,3786.1772,0.9803,-0.2729,-0.9976,11.5263,8.9344,0.4470,3.5349,22.2633,2.2987,19.9646,10.7490,12.7506,16.0677,7.0238,1710.7861,268.1815,56.8446,44.8619,596.9118,273.5634,382.9860,450.5536,RFEnsemble
Griselinia littoralis,Is,0.1014,12.2694,21.5121,71.3446,345.0062,0.2802,1.4174,1.5579,0.7815,9373.4053,862.4025,0.4980,0.7110,0.6933,5472.7183,0.4020,0.8342,0.0000,1.6625,0.8244,0.0252,0.2299,1.5023,1.7643,1.2580,1.5166,3.3065,1.4513,1.8710,1241.8821,123.0981,103.7816,8.1690,337.3310,309.6340,367.7948,230.7670,RFEnsemble
Griselinia littoralis,Ds,0.1097,10.0943,16.4376,53.6198,373.2250,0.4950,3.0887,3.1354,0.8963,27016.5762,1275.2688,0.6243,0.7181,0.6953,7044.7119,0.1926,0.9623,0.0518,2.4530,1.4415,0.0366,0.3762,2.3526,2.6663,2.2690,2.1564,3.3016,2.2684,2.7702,1008.2877,142.5177,44.0468,8.9790,331.3539,185.9999,260.2325,221.7431,RFEnsemble
Griselinia littoralis,I,1.0377,22.6937,35.9451,116.5530,754.4232,4.6639,171.6985,-42.2323,4.6331,26895.1270,1050.2316,1.7205,-0.0138,0.1164,6735.4478,0.9157,-0.5515,-1.0000,9.8417,8.4164,0.4314,3.5131,20.3242,0.7632,19.5610,9.9224,9.1342,14.3907,5.3883,5831.6655,784.8506,270.8888,31.5409,1877.6151,1082.0712,1363.5884,1326.8749,RFEnsemble
Griselinia littoralis,Gr,0.0152,9.6891,15.2500,50.4889,281.0245,-0.5478,-1.0864,-0.5881,0.2558,-8799.5293,-435.8574,0.2330,-0.0259,0.1439,2949.2705,-0.0646,-0.2786,-0.0024,-1.6847,-0.5181,-0.0156,-0.0218,-1.9391,-1.5355,-0.4036,-0.8265,-3.6163,-1.6771,-1.6355,4120.8794,516.6691,214.0443,-13.3210,1280.7034,808.5078,980.6024,876.3213,RFEnsemble
Cyathea dealbata,D,1.1594,10.2284,15.6245,47.5518,428.6618,4.9372,175.5646,-38.0351,5.0000,55717.5430,746.7020,1.5505,-0.2836,-0.1695,1517.0325,-1.0000,1.0000,1.0000,13.1082,8.5961,0.4385,3.4821,23.7347,4.1069,19.6277,11.5328,15.4450,17.6634,8.7763,1569.7273,228.0856,52.5034,38.3253,540.1025,249.3559,318.3366,460.1495,RFEnsemble
Cyathea dealbata,Is,0.1075,7.8602,12.7402,40.7408,252.7822,0.3933,1.6558,1.9856,0.9993,24250.4961,1595.7861,0.6507,0.7139,0.7002,2359.4968,0.1639,0.9837,0.0168,1.7775,1.2412,0.0244,0.2958,1.6410,2.1615,2.0247,1.7604,1.8966,1.5918,2.0375,476.5239,66.3604,21.9836,7.4558,154.6590,87.4927,101.0714,130.4380,RFEnsemble
Cyathea dealbata,Ds,0.0612,3.5288,4.5276,12.6631,92.3950,0.1483,0.0189,0.0140,0.0000,1065.5262,586.9950,0.4974,0.6059,0.7237,630.0622,0.0000,0.0000,0.0000,0.4369,0.5447,0.0127,0.0447,0.7134,0.1177,0.6953,0.5151,0.3725,0.4814,0.3637,87.6486,8.0897,6.3497,1.7608,23.4403,19.9657,17.2677,24.6188,RFEnsemble
Cyathea dealbata,I,1.0083,9.9489,16.1159,50.7709,316.3957,5.3189,175.1460,-39.1693,4.3462,28714.0879,1511.1364,1.5287,-0.0097,0.0018,1596.8779,0.9858,-0.1767,-0.9991,13.3427,8.9538,0.4562,3.4065,23.7794,4.1681,19.6114,11.8549,15.4393,17.7651,9.0608,1593.5021,257.9579,46.9208,46.9247,572.8683,237.4315,327.8877,465.6722,RFEnsemble
Cyathea dealbata,Gr,-0.1511,-0.2795,0.4914,3.2190,-112.2661,0.3817,-0.4186,-1.1342,-0.6538,-27003.4551,764.4344,-0.0217,0.2738,0.1714,79.8455,1.9858,-1.1767,-1.9991,0.2345,0.3577,0.0177,-0.0756,0.0448,0.0611,-0.0164,0.3222,-0.0057,0.1017,0.2845,23.7748,29.8723,-5.5826,8.5994,32.7658,-11.9243,9.5510,5.5228,RFEnsemble
Myrsine australis,D,1.0638,12.2749,19.4402,61.3852,492.3287,5.1820,174.7847,-40.2796,4.5846,39014.0742,1598.4058,1.4921,-0.0035,0.0889,4516.2227,0.9864,-0.7354,-0.9951,11.8777,8.6185,0.4443,3.4495,22.3450,2.9617,19.3834,10.5367,13.7981,16.3570,7.5429,1785.7128,274.3857,60.3211,42.7028,620.1505,283.4308,380.4302,498.7515,RFEnsemble
Myrsine australis,Is,0.1018,11.5114,18.6021,60.5784,368.8254,0.5336,2.6949,3.5118,1.1696,22962.8340,1949.0170,0.6183,0.7178,0.6938,4891.6851,0.2179,0.9802,0.0527,2.8009,1.4122,0.0326,0.3856,2.3908,3.2005,2.3051,2.3086,3.8153,2.5288,3.2128,1272.0779,173.6299,60.2328,9.3897,408.3579,242.8294,327.3799,265.8243,RFEnsemble
Myrsine australis,Ds,0.1044,6.8015,11.1237,35.8442,255.8930,0.4221,2.7790,2.3723,0.7323,26828.4531,1133.6338,0.6830,0.7015,0.7070,8953.9131,0.1638,0.6777,0.0987,1.4741,1.1906,0.0266,0.2846,1.8026,1.5691,1.8893,1.3095,2.0375,1.4687,1.5913,711.4711,98.7107,31.6879,7.4151,232.3186,131.7941,179.0788,169.2686,RFEnsemble
Myrsine australis,I,0.9824,10.8957,17.5959,56.4162,333.8273,5.2551,172.8395,-40.8167,4.0341,26067.6855,1568.6694,1.5679,0.0059,-0.0571,2561.2141,0.9759,0.1985,-0.9986,12.6274,9.1439,0.4569,3.4718,23.2420,3.2337,20.0085,11.8580,13.7912,17.0889,8.2052,1805.8644,286.3565,58.4308,47.2904,637.0094,285.6815,406.0440,473.5468,RFEnsemble
Myrsine australis,Gr,-0.0814,-1.3793,-1.8442,-4.9690,-158.5014,0.0731,-1.9452,-0.5371,-0.5505,-12946.3887,-29.7363,0.0758,0.0093,-0.1460,-1955.0085,-0.0105,0.9339,-0.0035,0.7498,0.5254,0.0126,0.0222,0.8971,0.2720,0.6251,1.3213,-0.0069,0.7319,0.6623,20.1516,11.9707,-1.8903,4.5877,16.8589,2.2508,25.6138,-25.2048,RFEnsemble
Quintinia serrata,D,1.0151,11.6983,18.8502,59.6320,394.1837,5.1983,174.8235,-39.5361,4.5417,33842.2695,1330.6483,1.4184,-0.0128,-0.0079,2248.8459,0.9972,-0.3138,-0.9994,12.7370,9.0676,0.4541,3.4772,23.4165,3.4426,19.9736,11.2548,14.8984,17.2492,8.3582,1706.0533,269.6211,52.9283,44.9383,602.6971,261.3589,351.8581,487.7350,RFEnsemble
Quintinia serrata,Is,0.1181,12.5811,20.7891,67.8202,390.9048,0.3626,2.2352,1.9758,1.0138,15116.0117,1018.9520,0.5483,0.7055,0.6883,5509.5190,0.2138,0.6537,0.0155,2.0043,1.1215,0.0334,0.3507,1.3788,2.3709,1.7944,1.7989,2.9152,1.6510,2.4166,1381.7327,174.6638,81.9836,8.2241,422.1609,285.7064,374.1115,260.5814,RFEnsemble
Quintinia serrata,Ds,0.1053,8.6248,13.9983,45.3430,293.1992,0.4596,1.7436,1.9670,0.7912,24497.5977,1057.7515,0.5810,0.7135,0.7005,3301.1951,0.0724,0.9496,0.0305,1.9836,1.1137,0.0247,0.2840,1.8732,2.2118,1.8234,1.9088,2.0995,1.8062,2.2238,508.5078,68.9654,25.1969,7.0186,160.7906,96.9068,108.7782,131.9681,RFEnsemble
Quintinia serrata,I,1.0055,18.7126,29.1770,94.1199,517.1259,4.6168,170.8221,-42.7849,4.3196,20148.7949,1274.2185,1.4393,-0.1229,0.1159,5498.0981,0.9769,-0.7568,-0.9999,10.8859,8.4754,0.4372,3.4599,21.1606,1.7378,19.4228,11.1538,10.4787,15.3424,6.4712,4260.1479,621.7576,168.1211,38.3754,1422.1165,751.7258,1048.0432,947.3624,RFEnsemble
Quintinia serrata,Gr,-0.0096,7.0143,10.3268,34.4879,122.9421,-0.5815,-4.0014,-3.2488,-0.2221,-13693.4746,-56.4298,0.0209,-0.1101,0.1238,3249.2522,-0.0203,-0.4430,-0.0005,-1.8511,-0.5922,-0.0169,-0.0174,-2.2559,-1.7048,-0.5509,-0.1010,-4.4197,-1.9068,-1.8870,2554.0947,352.1365,115.1928,-6.5629,819.4194,490.3668,696.1851,459.6275,RFEnsemble
Dracophyllum longifolium,D,1.0167,12.4801,19.9021,63.2864,401.7107,5.0943,172.9826,-41.5774,4.5186,34052.7969,1434.9025,1.3619,-0.1216,0.0018,3819.4788,0.9839,-0.4120,-0.9983,11.8297,9.2090,0.4540,3.5283,22.6219,2.3642,20.2579,10.9885,13.2159,16.3625,7.3292,1939.1083,298.8634,65.2505,43.3603,669.0869,313.5294,430.2161,506.9595,RFEnsemble
Dracophyllum longifolium,Is,0.1118,11.4948,20.4477,67.3856,417.7419,0.4896,2.2566,1.7039,0.8755,27807.6309,1084.1844,0.5343,0.7597,0.6290,8605.1523,0.5294,0.7125,0.0438,1.8651,1.3906,0.0434,0.3441,1.9949,1.8585,2.0393,1.9633,2.5736,1.6932,2.0909,1966.5214,267.7146,94.5408,8.8192,635.8909,373.2300,513.1636,406.6768,RFEnsemble
Dracophyllum longifolium,Ds,0.1076,8.3324,13.6693,44.2741,237.4793,0.4930,2.9464,2.7030,0.8640,24940.2852,1147.1603,0.5773,0.6801,0.7229,7956.9819,0.1786,0.9112,0.0585,1.4587,1.4553,0.0285,0.3692,1.8004,1.8504,2.4113,1.4003,2.3860,1.4510,1.6787,984.7629,140.2179,42.1283,8.1154,324.1956,180.2072,249.7953,223.0172,RFEnsemble
Dracophyllum longifolium,I,1.0828,23.5585,36.9930,119.4282,977.0458,4.9298,170.3089,-43.8127,4.3955,44046.5859,1568.9750,1.4397,0.1639,-0.0163,8516.8086,0.8484,-0.7018,-0.9991,8.2927,7.8408,0.4004,3.7330,19.1554,-0.3828,19.5382,8.2745,8.4874,13.0881,3.5294,2938.6587,425.6735,120.9120,38.1928,974.1970,523.3871,711.5605,672.7283,RFEnsemble
Dracophyllum longifolium,Gr,0.0662,11.0784,17.0908,56.1418,575.3351,-0.1645,-2.6737,-2.2354,-0.1231,9993.7891,134.0725,0.0777,0.2855,-0.0181,4697.3301,-0.1356,-0.2898,-0.0008,-3.5370,-1.3682,-0.0536,0.2047,-3.4665,-2.7470,-0.7197,-2.7140,-4.7285,-3.2745,-3.7998,999.5504,126.8101,55.6615,-5.1676,305.1101,209.8576,281.3445,165.7688,RFEnsemble
Myrsine salicina,D,1.0404,10.5475,17.0809,53.7597,386.2059,5.3174,175.6111,-39.0471,4.4830,33468.3398,1463.6166,1.4961,0.0180,-0.0762,1771.3766,0.9919,-0.3265,-0.9999,13.0197,8.5491,0.4473,3.3743,23.2667,4.1781,19.0886,11.4527,15.1656,17.4159,8.8019,1589.5747,253.6330,48.3103,45.5519,568.7556,238.0985,325.4389,469.7794,RFEnsemble
Myrsine salicina,Is,0.1075,10.5016,16.7530,54.3617,318.5899,0.3556,1.1509,1.2012,0.9514,19706.2227,1068.9594,0.4982,0.7099,0.6837,4386.7544,0.1078,0.6738,0.0000,1.4609,0.9355,0.0239,0.3443,1.4921,1.6077,1.7641,1.8272,1.7235,1.2913,1.7098,807.8472,119.6029,43.6546,7.6023,267.6259,158.3872,229.6218,158.5454,RFEnsemble
Myrsine salicina,Ds,0.1087,7.6193,12.4299,39.8531,277.4534,0.3539,1.4384,1.7513,0.8037,26763.1875,1236.5903,0.6099,0.7063,0.7035,2480.6938,0.1268,0.9453,0.0001,1.8178,1.1867,0.0261,0.2639,1.7999,1.9945,1.8478,1.8237,1.8928,1.6721,2.0001,421.7178,59.1430,20.2561,6.9713,139.6273,75.3120,85.1717,124.4738,RFEnsemble
Myrsine salicina,I,0.9856,14.2834,22.2502,71.3292,411.4561,4.5010,171.6848,-42.0875,4.5513,24214.1738,1348.1860,1.1513,-0.1125,0.1264,3799.2405,0.9942,-0.7389,-1.0000,11.4622,9.1124,0.4505,3.5198,22.1389,1.8389,20.3000,10.8248,12.9215,15.9891,6.9599,3019.1973,448.4493,109.3843,38.8431,1011.0018,517.5953,682.7079,731.7792,RFEnsemble
Myrsine salicina,Gr,-0.0548,3.7359,5.1693,17.5695,25.2502,-0.8163,-3.9264,-3.0403,0.0683,-9254.1660,-115.4305,-0.3448,-0.1305,0.2026,2027.8639,0.0023,-0.4124,-0.0000,-1.5575,0.5633,0.0032,0.1455,-1.1278,-2.3392,1.2113,-0.6279,-2.2442,-1.4268,-1.8420,1429.6226,194.8163,61.0740,-6.7087,442.2462,279.4968,357.2690,261.9999,RFEnsemble
Schefflera digitata,D,1.0320,15.0984,24.2727,77.4870,492.7913,5.1193,173.7193,-41.2125,4.3273,31350.4277,1336.9348,1.5839,0.0791,-0.0307,6699.0938,0.9775,-0.6163,-0.9949,11.4590,8.5386,0.4398,3.4652,21.8041,2.5231,19.2811,10.8060,12.3388,15.9297,7.0740,2401.0027,366.8044,86.1251,44.3875,825.7615,397.8963,572.5417,595.9991,RFEnsemble
Schefflera digitata,Is,0.1039,9.0337,14.4146,46.7732,311.9078,0.4877,2.1927,2.9502,1.1047,23923.6250,1734.8298,0.6479,0.7072,0.7020,2986.8174,0.1920,0.9986,0.0288,2.4949,1.1536,0.0247,0.3627,1.9845,2.9810,2.1108,2.1570,3.0526,2.2082,2.9028,787.1432,107.7993,38.3345,7.9047,250.3023,151.9331,180.8544,183.3812,RFEnsemble
Schefflera digitata,Ds,0.1215,10.8994,18.4772,60.1534,327.1423,0.4886,3.8961,2.9357,0.9307,22473.4395,1113.6356,0.6444,0.7126,0.6964,10064.6660,0.2111,0.7875,0.1007,1.7639,1.7838,0.0451,0.2904,2.4346,1.4971,2.3949,1.7065,2.8012,1.8457,1.7509,1657.4590,228.0778,74.6657,10.1958,538.1614,311.5531,454.8034,326.3170,RFEnsemble
Schefflera digitata,I,1.0016,10.3007,16.4407,52.3124,315.6246,5.2010,173.7583,-39.7672,4.1850,24718.2031,1629.9702,1.4835,-0.0823,0.0150,1917.5249,0.9811,0.0521,-0.9993,13.1489,8.8237,0.4538,3.3818,23.5029,4.0362,19.4666,11.8828,15.0491,17.5252,8.8779,1757.5997,277.3747,54.9637,45.4249,621.9860,271.7861,367.1235,493.8684,RFEnsemble
Schefflera digitata,Gr,-0.0303,-4.7977,-7.8320,-25.1746,-177.1667,0.0817,0.0390,1.4453,-0.1424,-6632.2246,293.0354,-0.1004,-0.1614,0.0457,-4781.5688,0.0036,0.6684,-0.0043,1.6899,0.2851,0.0140,-0.0833,1.6988,1.5131,0.1855,1.0768,2.7103,1.5955,1.8039,-643.4030,-89.4297,-31.1613,1.0374,-203.7755,-126.1102,-205.4182,-102.1307,RFEnsemble
Coprosma parviflora,D,1.0322,15.7739,24.9556,79.9100,529.5767,4.9701,173.0420,-40.8195,4.4394,31250.8047,1515.9965,1.3926,-0.0472,0.0141,4797.3599,0.9554,-0.4129,-0.9994,11.5744,8.5907,0.4386,3.4874,22.0992,2.5303,19.5690,10.5234,13.2001,16.0903,7.1666,2415.6855,364.6135,85.9579,41.9700,826.6306,399.1975,534.7397,623.3870,RFEnsemble
Coprosma parviflora,Is,0.1049,7.8445,12.4468,39.9679,360.9070,0.3745,3.3899,2.9586,0.9859,28307.7051,993.0544,0.6365,0.6703,0.7246,2192.2598,0.1836,0.9999,0.0000,2.0468,1.1810,0.0326,0.3743,1.8967,2.2929,1.9770,1.7331,3.0001,1.9012,2.3535,266.6996,42.7571,12.9442,9.7468,93.5683,48.9219,50.4697,93.2504,RFEnsemble
Coprosma parviflora,Ds,0.1165,10.8438,17.9145,58.7939,410.8388,0.5008,2.7641,2.7908,0.9139,24338.5098,1346.8546,0.5827,0.7242,0.6878,6969.5835,0.2936,0.9108,0.0006,2.7096,1.3743,0.0370,0.3507,2.6323,2.7634,2.1189,2.3800,3.4626,2.5019,3.0005,1246.1222,168.8158,62.1164,8.0974,395.9145,244.2072,334.2365,244.4999,RFEnsemble
Coprosma parviflora,I,1.0121,8.2117,13.2150,42.0548,423.2066,5.4648,171.7452,-43.6283,4.1056,41785.0508,1215.6968,1.7589,0.1460,-0.0650,1549.3514,0.9830,0.0170,-1.0000,10.7937,9.3847,0.4596,3.5868,21.7989,1.3409,20.4576,10.8281,10.9216,15.3366,6.1600,1044.2736,170.9621,33.1053,46.0265,369.6864,163.8659,251.9851,269.4885,RFEnsemble
Coprosma parviflora,Gr,-0.0201,-7.5622,-11.7407,-37.8551,-106.3701,0.4946,-1.2968,-2.8088,-0.3339,10534.2461,-300.2997,0.3663,0.1932,-0.0790,-3248.0083,0.0277,0.4299,-0.0006,-0.7807,0.7939,0.0210,0.0994,-0.3003,-1.1894,0.8885,0.3047,-2.2785,-0.7537,-1.0065,-1371.4120,-193.6515,-52.8526,4.0565,-456.9442,-235.3316,-282.7546,-353.8985,RFEnsemble
Metrosideros diffusa,D,0.9965,9.9481,16.0933,51.1731,337.2230,5.3348,173.2010,-41.1680,4.2164,31012.7188,1455.9672,1.5951,0.0124,-0.0075,2420.3823,0.9851,-0.0492,-0.9994,12.3951,9.2511,0.4593,3.4944,23.1294,2.9784,20.1509,11.5442,13.6595,16.8819,7.9416,1590.4491,256.5552,48.8551,47.0299,565.6939,245.5579,353.8594,428.5698,RFEnsemble
Metrosideros diffusa,Is,0.1293,6.8943,11.0451,36.1401,294.0931,0.3181,2.0345,1.4234,0.6121,23052.6191,1203.8162,0.5052,0.7128,0.6854,4219.3047,0.1752,0.2867,0.0000,1.4222,1.2331,0.0264,0.2898,1.4399,1.8895,2.0413,1.5823,2.0815,1.2610,1.6495,1263.5438,154.9446,73.2323,5.8099,384.1135,264.7550,332.7950,235.1958,RFEnsemble
Metrosideros diffusa,Ds,0.1000,9.2956,15.0635,48.6967,299.5725,0.4347,3.0607,3.2916,1.0560,25061.4980,1440.5240,0.6481,0.7171,0.6968,5343.4844,0.1684,0.9991,0.0006,2.2794,1.2611,0.0282,0.3525,2.0952,2.5711,2.0954,1.8436,3.2642,2.1192,2.6013,947.7120,136.6706,39.5628,8.5683,315.1740,171.3490,244.8381,211.3705,RFEnsemble
Metrosideros diffusa,I,1.0917,17.8066,25.7735,81.8333,760.5366,4.4619,173.5965,-41.1213,4.6312,33749.5977,1667.0558,1.2203,0.0934,-0.1155,6093.0864,0.9845,-0.9580,-1.0000,10.0443,7.8340,0.4151,3.4847,20.2714,1.4169,18.8545,8.8766,11.9280,14.5875,5.6735,2960.2764,407.6303,127.9401,33.8393,962.2996,528.9858,644.6199,751.3494,RFEnsemble
Metrosideros diffusa,Gr,0.0951,7.8585,9.6802,30.6602,423.3136,-0.8729,0.3956,0.0467,0.4148,2736.8789,211.0886,-0.3748,0.0811,-0.1080,3672.7041,-0.0006,-0.9088,-0.0006,-2.3508,-1.4171,-0.0442,-0.0097,-2.8580,-1.5615,-1.2964,-2.6676,-1.7316,-2.2944,-2.2681,1369.8273,151.0751,79.0850,-13.1906,396.6057,283.4280,290.7606,322.7796,RFEnsemble
Geniostoma ligustrifolium,D,1.0361,12.6742,20.4682,64.4569,462.4260,5.1443,175.6271,-39.2908,4.7873,42875.5625,1295.5647,1.4690,0.0211,-0.0138,2373.1479,0.9957,-0.6423,-0.9991,12.3943,9.2055,0.4528,3.5603,23.2702,2.9513,20.3190,10.8942,14.5840,17.0179,7.9155,1853.6794,288.0105,59.8498,43.3657,646.6597,288.0956,386.4628,524.8920,RFEnsemble
Geniostoma ligustrifolium,Is,0.1032,6.4963,10.4122,33.0568,138.7765,0.2528,1.2315,2.2361,1.1388,12999.7461,2423.1257,0.6618,0.6997,0.7100,1062.2535,0.2309,0.9051,0.0771,1.3088,1.1605,0.0249,0.2424,1.3410,1.6906,1.8248,1.3569,1.4058,1.1980,1.5172,389.2068,58.9769,15.7417,6.0912,135.1240,65.0312,79.5778,117.6624,RFEnsemble
Geniostoma ligustrifolium,Ds,0.1064,8.2416,13.4987,43.3780,226.2563,0.4195,1.6180,1.2104,0.5037,22093.9746,966.8267,0.5735,0.7145,0.6991,3079.9832,0.0926,0.7665,0.0436,1.2626,1.0895,0.0244,0.1862,1.6025,1.1237,1.5498,1.3254,1.2863,1.2662,1.2793,432.8292,57.3154,22.6959,6.7064,135.3036,84.1308,88.3247,115.3705,RFEnsemble
Geniostoma ligustrifolium,I,0.9939,7.4768,12.1930,38.3200,145.4425,5.4516,174.8229,-38.1881,3.8848,10788.2744,1974.8375,1.5245,-0.0792,-0.0003,911.1483,0.9730,0.4252,-0.9970,14.8157,8.2388,0.4543,3.1387,24.3791,6.2686,18.1105,13.2107,16.9910,18.9082,10.8989,1451.0685,241.0328,39.0290,48.8390,537.5264,206.2307,289.2206,447.4818,RFEnsemble
Geniostoma ligustrifolium,Gr,-0.0422,-5.1974,-8.2753,-26.1369,-316.9835,0.3073,-0.8041,1.1027,-0.9025,-32087.2891,679.2728,0.0555,-0.1002,0.0135,-1461.9998,-0.0227,1.0675,0.0020,2.4214,-0.9667,0.0016,-0.4216,1.1089,3.3173,-2.2085,2.3165,2.4070,1.8903,2.9833,-402.6110,-46.9777,-20.8208,5.4733,-109.1333,-81.8649,-97.2422,-77.4101,RFEnsemble
Kunzea ericoides,D,0.9968,9.3244,15.3804,48.5431,275.8318,5.4004,175.3016,-38.9570,4.1569,27156.5371,1681.7197,1.6270,0.0148,0.0040,1497.8821,0.9769,-0.0554,-0.9986,13.6652,9.1693,0.4609,3.4273,24.2053,4.3318,19.8733,12.1952,15.6836,18.1107,9.3535,1474.7161,244.1914,41.6963,49.0772,537.0248,215.6607,305.3500,433.3826,RFEnsemble
Kunzea ericoides,Is,0.1062,9.1382,14.0988,45.6355,381.6602,0.4835,2.2905,2.2571,0.9399,28926.0703,1078.6302,0.6179,0.7179,0.6942,3397.9854,0.2277,0.9901,0.0019,1.5923,1.1836,0.0315,0.4437,1.5574,1.9050,2.1906,1.8791,2.3005,1.3916,1.9520,729.6682,109.2025,27.6882,9.4758,247.5862,124.7454,160.7487,190.4027,RFEnsemble
Kunzea ericoides,Ds,0.1036,8.5093,14.0163,45.1861,261.5928,0.3972,1.6344,2.0096,1.1256,22158.9355,1947.5887,0.6893,0.7140,0.6999,2510.8489,0.2137,0.9985,0.0540,1.8945,1.3007,0.0259,0.2973,1.7762,2.2490,2.0640,1.8352,2.0320,1.7077,2.1580,472.1846,61.9888,24.3524,8.2494,146.5941,93.1210,104.4258,119.6815,RFEnsemble
Kunzea ericoides,I,1.0171,11.1052,17.1662,54.9811,557.8840,5.2625,170.6980,-44.0209,4.3820,48755.0508,1340.2388,1.5116,-0.0009,-0.0518,2685.2961,0.9739,-0.1405,-1.0001,10.1070,9.4652,0.4519,3.7175,21.4599,0.4494,21.0105,10.1362,10.4111,14.8169,5.2899,1338.5465,211.4184,44.4709,44.3491,463.5620,217.0855,314.1566,333.7649,RFEnsemble
Kunzea ericoides,Gr,0.0203,1.7808,1.7858,6.4379,282.0522,-0.1379,-4.6036,-5.0640,0.2251,21598.5137,-341.4810,-0.1155,-0.0157,-0.0558,1187.4141,-0.0030,-0.0851,-0.0016,-3.5583,0.2959,-0.0090,0.2902,-2.7454,-3.8824,1.1371,-2.0590,-5.2725,-3.2937,-4.0637,-136.1696,-32.7731,2.7745,-4.7281,-73.4629,1.4248,8.8066,-99.6177,RFEnsemble
Metrosideros umbellata,D,1.0249,12.2479,19.4632,61.6669,425.5673,5.2618,173.3730,-41.3288,4.5297,35252.3281,1432.5629,1.4667,-0.0585,-0.0155,2461.8811,0.9946,-0.3369,-1.0003,11.8849,9.0910,0.4544,3.5090,22.6461,2.6144,20.0318,10.8863,13.3812,16.3963,7.4201,1497.1060,239.2337,46.7674,45.0270,529.0741,231.4447,322.9168,413.5726,RFEnsemble
Metrosideros umbellata,Is,0.1278,12.3073,21.6997,71.3202,445.9983,0.3153,2.7664,1.9476,1.0329,22361.2617,1095.4119,0.4351,0.7083,0.7000,13300.8076,0.3544,0.4843,0.1249,2.0402,1.6255,0.0506,0.3203,2.1497,1.8735,2.2337,2.3497,2.6071,1.8607,2.2440,1235.6195,182.7730,61.3579,6.3048,417.8460,232.9340,377.5128,219.0752,RFEnsemble
Metrosideros umbellata,Ds,0.1028,8.3840,13.5442,43.8667,288.2243,0.4291,3.0174,3.0797,0.8036,25063.5449,1143.1849,0.6166,0.7214,0.6898,4010.0398,0.1091,0.9417,0.0239,2.0151,1.1204,0.0238,0.3408,1.7805,2.3968,1.9810,1.6609,2.8533,1.8624,2.3296,515.7867,76.9105,22.0969,7.3630,175.5436,90.2676,115.3785,140.2931,RFEnsemble
Metrosideros umbellata,I,1.0439,21.7531,34.3554,111.5258,671.7963,4.5593,170.3907,-43.1607,4.0943,22622.1777,1471.3652,1.1726,-0.0573,0.0717,12519.5225,0.9351,-0.8748,-0.9921,9.7032,7.3919,0.4056,3.3903,19.5162,1.4011,18.1150,9.6507,10.0148,14.0885,5.4147,4066.4734,585.6919,161.5252,35.7939,1348.8767,720.5712,988.9505,929.5336,RFEnsemble
Metrosideros umbellata,Gr,0.0190,9.5052,14.8921,49.8589,246.2290,-0.7025,-2.9823,-1.8319,-0.4354,-12630.1504,38.8024,-0.2941,0.0012,0.0873,10057.6416,-0.0596,-0.5380,0.0082,-2.1817,-1.6992,-0.0488,-0.1187,-3.1299,-1.2133,-1.9168,-1.2356,-3.3664,-2.3078,-2.0054,2569.3674,346.4582,114.7578,-9.2330,819.8026,489.1265,666.0337,515.9609,RFEnsemble
Beilschmiedia tawa,D,0.9689,7.4123,12.1769,38.2203,148.2942,5.4759,175.2262,-38.4251,4.0238,16039.3223,1494.4130,1.6348,-0.0329,0.0196,908.8110,0.9835,0.2197,-0.9993,14.6404,9.0322,0.4657,3.3089,24.8271,5.4533,19.3739,13.1199,16.6668,18.9322,10.4811,1409.5763,243.1468,35.2651,51.5842,529.7798,195.1868,287.1565,430.2777,RFEnsemble
Beilschmiedia tawa,Is,0.1006,8.5263,13.8998,44.9031,253.7427,0.4330,1.8832,1.6046,0.5504,26500.8828,1004.5945,0.5475,0.7182,0.6958,3520.4434,0.0674,0.7244,0.0268,1.3606,1.1595,0.0276,0.2371,1.5791,1.4942,1.7349,1.3479,1.5402,1.2851,1.4826,563.7269,80.8259,25.0945,4.3851,188.9016,97.4234,110.3145,160.8472,RFEnsemble
Beilschmiedia tawa,Ds,0.0960,6.1594,10.0059,31.6328,131.1982,0.2558,1.5200,2.1137,1.1102,15513.6973,1591.8341,0.6854,0.7086,0.7046,1274.3214,0.1809,0.9755,0.0374,1.2937,1.2895,0.0216,0.3079,1.0660,2.0445,2.1601,1.2806,1.5120,1.0710,1.6451,324.0111,52.2751,12.1754,6.5288,115.4236,54.0295,71.2037,98.6863,RFEnsemble
Beilschmiedia tawa,I,1.0859,13.5401,21.5114,68.0671,604.2626,4.9945,175.2789,-39.6337,4.7151,44135.5234,1424.3518,1.3273,-0.0059,-0.0060,3099.9756,0.9977,-0.6894,-0.9996,11.4735,8.3480,0.4361,3.4453,21.8497,2.7296,19.1200,9.9350,13.7715,15.9707,7.1698,2007.7312,298.1693,71.0536,39.4369,685.4236,324.1273,414.4053,567.5735,RFEnsemble
Beilschmiedia tawa,Gr,0.1170,6.1277,9.3345,29.8468,455.9684,-0.4814,0.0527,-1.2086,0.6913,28096.2012,-70.0612,-0.3075,0.0271,-0.0256,2191.1646,0.0142,-0.9091,-0.0003,-3.1669,-0.6842,-0.0296,0.1363,-2.9774,-2.7237,-0.2539,-3.1849,-2.8953,-2.9615,-3.3113,598.1549,55.0225,35.7885,-12.1473,155.6438,128.9406,127.2488,137.2959,RFEnsemble
Coprosma lucida,D,1.0652,18.6861,29.3845,93.7502,637.9048,4.9557,173.7311,-40.9727,4.6516,37604.8281,1504.7209,1.3814,0.0113,0.0033,4847.3979,0.9834,-0.8309,-0.9986,11.0216,8.5634,0.4339,3.5661,21.7112,1.9940,19.7174,9.8589,12.8434,15.6357,6.5128,2063.4207,314.8801,72.7580,41.7904,708.6367,336.8724,443.9921,551.4703,RFEnsemble
Coprosma lucida,Is,0.0805,6.3417,10.4263,33.6765,192.0565,0.3890,2.8227,3.7802,1.2550,22461.3301,1865.7842,0.6349,0.7033,0.7090,3269.4678,0.2004,0.7863,0.0243,2.1869,1.2856,0.0219,0.3422,2.0111,2.6714,2.2069,1.5341,3.3911,2.0888,2.4942,1087.9889,147.0578,52.4363,8.4172,349.1062,207.9830,278.9643,234.9918,RFEnsemble
Coprosma lucida,Ds,0.1123,8.5809,14.2446,47.2786,356.6971,0.4919,2.9213,2.3948,0.6723,23921.8496,1150.4299,0.6084,0.7247,0.6890,6656.2417,0.1831,0.5568,0.0572,2.2254,1.3056,0.0324,0.3167,2.2358,2.3004,2.0303,2.0056,2.7314,2.0735,2.4609,800.9002,110.3378,38.2780,7.9708,257.3029,154.0777,197.5055,179.7448,RFEnsemble
Coprosma lucida,I,0.9569,4.3938,7.4224,23.6568,162.0983,5.4823,172.9102,-40.9342,3.8080,23267.4922,1595.3358,1.6934,0.0158,-0.0497,1172.9307,0.9802,0.6180,-1.0002,13.3041,9.3669,0.4706,3.3727,23.7624,3.8534,19.9090,12.5348,14.4151,17.6276,9.0012,1456.0426,236.4799,43.2795,48.7484,521.7970,222.6375,327.7938,393.6819,RFEnsemble
Coprosma lucida,Gr,-0.1083,-14.2923,-21.9621,-70.0934,-475.8065,0.5267,-0.8209,0.0386,-0.8436,-14337.3359,90.6149,0.3120,0.0045,-0.0530,-3674.4673,-0.0032,1.4489,-0.0016,2.2826,0.8035,0.0367,-0.1934,2.0512,1.8595,0.1916,2.6759,1.5717,1.9919,2.4884,-607.3781,-78.4002,-29.4785,6.9580,-186.8397,-114.2350,-116.1984,-157.7883,RFEnsemble
Pectinopitys ferruginea,D,1.0138,11.9121,19.1815,60.0613,217.9093,5.3884,175.4224,-38.5951,4.2840,14303.2266,1473.9592,1.6412,-0.0982,-0.0417,1775.0519,0.9820,-0.0518,-0.9989,14.2789,8.3905,0.4533,3.2327,24.0799,5.6007,18.4790,12.7061,16.3302,18.4806,10.2329,1619.4265,268.9805,45.9768,48.9237,597.0648,234.0988,332.1641,487.7085,RFEnsemble
Pectinopitys ferruginea,Is,0.1029,10.8558,17.3612,56.4711,330.3027,0.5648,2.8071,2.6657,1.0835,23871.5996,1154.5972,0.6304,0.7400,0.6711,6153.0317,0.1539,0.9625,0.0421,1.7022,1.1668,0.0289,0.3100,1.7826,1.8026,1.8296,1.7318,2.5478,1.6118,1.9047,1216.1456,167.5568,56.6013,8.8918,393.3496,228.4641,299.9059,267.3371,RFEnsemble
Pectinopitys ferruginea,Ds,0.1136,6.1945,10.3471,33.1865,197.1295,0.2930,1.9693,2.2653,0.8267,16130.0342,1539.0677,0.7370,0.6440,0.7576,3143.4719,0.1885,0.9987,0.0455,1.5426,1.1957,0.0274,0.2372,1.7004,1.6825,1.7755,1.4935,1.8898,1.4805,1.6808,589.6836,84.7845,25.5913,7.8665,196.4528,107.0703,152.9961,142.7906,RFEnsemble
Pectinopitys ferruginea,I,1.0052,11.3630,17.9693,57.6871,476.3160,5.1084,172.1044,-42.4900,4.3455,39238.2383,1411.2750,1.4917,0.0320,-0.0298,3432.4221,0.9880,-0.2712,-0.9990,11.0318,9.3965,0.4552,3.6054,22.0933,1.4306,20.6628,10.5118,12.0047,15.6447,6.4105,1882.0262,289.8565,64.8346,44.0220,646.0092,309.2109,428.7403,472.5850,RFEnsemble
Pectinopitys ferruginea,Gr,-0.0086,-0.5491,-1.2122,-2.3742,258.4067,-0.2800,-3.3180,-3.8949,0.0615,24935.0117,-62.6842,-0.1495,0.1302,0.0120,1657.3702,0.0060,-0.2194,-0.0001,-3.2470,1.0060,0.0020,0.3727,-1.9866,-4.1701,2.1838,-2.1942,-4.3255,-2.8359,-3.8224,262.5997,20.8761,18.8577,-4.9018,48.9444,75.1121,96.5762,-15.1235,RFEnsemble
